Tweet,Sentimen
@collegemenfess Hmmm cosplay jd anggota dpr mungkin. YTTA,negatif
"""Gorden Pemisah"" Seharga 90 Juta

#DPR #GedungDPR #Gorden #RakyatMerdeka #RMid

https://t.co/3iUuEi6pOK",negatif
DPR yg penting dirinya... Rakyat dilupakan...,negatif
@Haisa_HS Rakyat berdosa kalo cuek kondisi wakilnya di DPR bergorden kain pel ... Monggo pak sekjen dianggarkan aja gorden dari emas 24 karat... kami rakyat cukup sekarat aja,negatif
"Kuncinya sih ada pada mereka mereka yang duduk disana. Di @DPR_RI .

Mau ditunda kek, mau 3 periode kek, ASAL SEJALAN DAN SESUAI KONSTITUSI gak ada MASALAH!
âœŒï¸âœŒï¸âœŒï¸",negatif
"""Cinta kalau cuma kata-kata mending taruh saja ke Gedung DPR""
#qoutes",negatif
"@RamliRizal Makanya bang, Anda harus bikin Partai aTO masuk partai biar lalu nyalon DPR. Koar"" diluaran itu gak ada gunaa. Sbb semua Keputusan itu dibuat di PARLEMEN bukan di MEDSOS aTO Jalanan....
ğŸ˜ƒğŸ˜ƒğŸ˜ƒ",negatif
"@basrahmat @BenWaspada @KompasTV @jokowi Salah era SBY, menaikkan harga BBM lewat persetujuan DPR, yah wajar dong partai menolak, padahal klo mau menaikkan tinggal menaikkan tanpa perlu ijin DPR dulu",negatif
"@Dennysiregar7 Emangnya dia apa sihhh... anggota DPR bukan, menteri bukan....

Kok @KPK_RI mesti heboh amat buat panggil dia....

Apa takut bos nya marah ???",negatif
"Tanggapi Anggaran DPR Soal Ganti Gorden, Krisdayanti Buka Suara https://t.co/Z7nqyepjZM https://t.co/uuO2htEQ2h",negatif
"Perkiraan sihh hitc di jakarta kan akhir tahun yaa, sedangkan akhir tahun tuh DPR lagi sibuk buat tour juga. Kayanya sihh 88 rising gak masukin DPR ke list nyaa deh ğŸ¤” dan DPR pasti ngadain tour di Jakarta, aku sih megang omongannya scott aja waktu ngomong di spaces twitter",negatif
"@DPR_RI Bpk ibuk DPR, mohon dikaji ulang ttg Pertamax yg heboh diberita yang DPR setujui harganya 16rb/ liter. Tdk semua hidup mewah pak. Sebagian org milih pertamax krn ingin kendaraannya awet dan irit bahan bakar, tinggalpun msh ngontrak. Pny kendaraan spy bs mobile krn bnyk aktifitas",negatif
@detikcom DPR harusnya Posisi sekarang Harus Lebih Prehatin dulu.. Seadanya dulu Lihatlah Rakyat dulu. Apakah Benar DPR itu Perwakilan Rakyat,negatif
"DPR kok setuju aja, berpihak kemana..????",negatif
"@BennyHarmanID Salah anda sendiri mana fungsi kontrol DPR thdp jalannya sistem pemerintahan 
Susah memang bila DPR sendiri sudah merupakan genk oligarky rakus kekuasaan bin serakah jabatan dengan melepeh kepentingan rakyat",negatif
mau jadi anggota dpr deh,negatif
"@republikaonline #LUGU ...
Lihat apa jdnya DPR dan arah politik Indo skrg stlah Anak_keturunan PKI yg ditampung PDIP diprbolehkan jd anggota DPR ??
Mreka malah brusaha mengganti Pancasila mjd #Ekasila/Kegotong_royongan !!!
ğŸ¤ª",negatif
@yunartowijaya Kayak gak tau aja. Kuncinya ya di Ketum parpolnya lah. Anggota DPR mah ngikut aja. Opung ya cukup lobby Ketum parpol. Makanya fokus ke Opung yg powefull.,negatif
"@yaniarsim @RizkyHabibie13 @jokowi Calon para pejabat DPR masa depan, jadi inget @Fahrihamzah @fadlizon @AdianNapitupul1 saat 1998. #MahasiswaBersatu #Tolak3Periode",negatif
@DPR_RI Masihkah anda anda peduli dengan keadaan bangsa ini masihkah anda anda peduli dengan rakyat yang begitu sengsara,negatif
"@killthedj @jokowi mqaf nih ya :
1. bukti anda memilih jokowi apa ?
2. emang yg semua yg dukung jokowi butih imbalan ?
3. emang pernah ada pikiran jokowi ngangkat anda jd menteri ? 
4. ketika rakyat mayoritas mendukung jokowi, dan dpr sbg wakil rakyat yg memiliki wewenang amandemen bersepakat ...",negatif
"@YoezZar @NenkMonica @ReflyHZ @rockygerung_rg @DPR_RI Jangan terlalu berharap sama @DPR_RI yang penakut dan lemah, mereka hanya kebetulan saja menjadi anggota dewan, tapi kemampuan dan kepeduliannya NOL",negatif
"Ayo DPR kerja .. rubah konstitusinya ğŸ¤ªğŸ¤ª

Respons Dukungan Jabat Tiga Periode, Jokowi: Kita Harus Taat kepada Konstitusi
https://t.co/U5ikBDlxCL",negatif
"Ketua BURT DPR Minta Anggaran Gorden Rp48,7 Miliar Ditinjau Ulang #LengkapCepatBeritanya #BeritaTerkini #Berita #News #BeritaNasional . https://t.co/ySpCgx1Kds",negatif
"DPR indo melu-melu amerika, asu og",negatif
@poo_00_o @danolltii dpr live / hong dabin,negatif
"DPR Komisi XI Pertanyakan Dana BPDPKS Timpang Antara Insentif Biodiesel dan PSR
#Beritasawit #Sawit #palmoil #infosawit https://t.co/ULj0VK3uBW",Positif
"@geloraco DPR itu digaji besar dari Uang Rakyat bukan Cuma untuk manggut-manggut dan selalu setuju dengan kebijakan yang tidak memihak kepada Rakyat, kalo bergitu percuma ada DPR....",negatif
@jenopulmao dpr ian / dpr live https://t.co/UCD4sXfUJn,negatif
"Nasabah Dan DPR Minta WanaArtha Beroperasi Lagi - https://t.co/3AD67PqPrB

Memang ada Santi dan Stephanie ikut demo sesuai berita ini ??? Wartawan detik tolong dijawab karna setahu kami tak ada mereka dalam demo di OJK kematin jd berita ini drmana ?",negatif
"@geloraco Dsar bahlu....,katanya duduk di dpr,apa masuk dpr ga belajar UUD gitu yağŸ˜´",negatif
"@DPR_RI @FPKSDPRRI 

Kerja!

@NajwaShihab @karniilyas @korantempo @tempodotco",negatif
@heartofgom Dirampok buat beli tirai gedung dpr yg alokasi dananya sampe 1 M ğŸ‘,negatif
"DPR kalau memperjuangkan baru namanya wakil rakyat, permasalahan ini krusial ruwet nanti biaya sim bisa saja dihapus tapi cek lain lalinnya bisa tambah....dan aturan ditambahi jadi peluang calo calo...karena tambah gak praktis alias ruwet",Positif
@cybsquad_ @tni_ad @Puspen_TNI @DPR_RI Dibolehkan ntr ditempatkan di iikn yg baru ....,negatif
"@jokowi Taat konstitusi bukan menolak jabatan 3 periode,kalau sebagian besar masyarakat yg d wakili oleh DPR utk Amandemen Konstitusi memperbolehkan jabatan 3 periode itupun bpk harus taat konstitusi...!!!",negatif
@6undul0h #DPR_RI sadarlah,negatif
@remajaparuhbaya dpr ian ayo nanbah  bias,negatif
@jannotama @alisyarief @DPR_RI @mprgoid Alfatihah... Aamiin YRA,negatif
"Kita lihat apakah anggota dpr, lidahnya berbisa? Siapa tau mereka semuanya setuju adanya penundaan pemilu dan berubah dari apa yg didengungkan sekarang, seolah menolak..",negatif
"DPR Usulkan Perpanjangan SIM Gratis, Ini Alasannya https://t.co/bbTjQbTJLT #TempoOtomotif",negatif
"@maspiyuaja pinter banget kalo bikin plot twist....""waktu harga 5.500 kok gak turun""
gini ya tong...emang gak dihitung harga beli sebelumnya...cara penetapan harga di sini itu gak dilepas bebas kek negara lain yg per hari berubahnya sesuai pasaran...disini naik turun harus persetujuan DPR..",negatif
"Jika ada yg menginginkan masa jabatan 3 periode bahkan seumur hidup, silahkan saja tapi bukan Presiden dan Wakil Presiden atau Kepala daerah tapi  jadilah Anggota DPR, DPRD, DPD, anda bebas..  

#StopJokowiTigaPeriode
#StopJokowiTigaPeriode https://t.co/PEqi4bsWSE",negatif
@Widinarko1 @satriohendri @joserasyid @tvOneNews Tanpa DPR insyaallah Indonesia tetap maju,Positif
"Di tengah sulitnya ekonomi rakyat yang terus mencekik karena berbagai kebutuhan pokok naik, para wakil rakyat justru sibuk ""mempercantik"" aksesoris Rumah Jabatan Anggota (RJA) DPR. Inikah tanda sense of crisis wakil rakyat telah sirna?
https://t.co/vz7hfoGIYf",negatif
"@korantempo Ya namanya jga di ajak jalan2 ke gedung MPR DPR alhmdulilah tugasnya cuma srh tereak mudah bngt ,dikasih uang saku dpt nasi kotak pke dging,ke jkrta.klu sendiri niat mna mungkin wong yg di korup dana desa dikit mending buat beli sawah Ama kbon.sisanya buat nyawer dah kpn lgi.",negatif
"Kenapa cukong selalu lebih maju selangkah, lebih canggih sama perangkat hukum, ya karena cukong yang membiayai hukum itu sendiri. Misalnya cukong mau berbuat kejahatan 6 bulan lagi, tinggal mulai bulan ini cicil nyogok anggota DPR buat menghasilkan produk hukum yg melindunginya.",negatif
@jokowi Dan konstitusi akan coba diubah melalui kongsi DPR,negatif
masa aku mimpi DPR Ian baca buku Laut bercerita wkwkwk,negatif
"Sudah saatnya kah sekarang, RAKYAT menggunakan HAKnya, Impeachment ( PEMAKZULAN ), karena Presidenku ini NEKAT, nekat SALAH @jokowi @MPRRI @DPR_RI

Damai Hari Lubis ketua Aliansi Anak Bangsa ""Jokowi adalah Presiden yg nyataÂ² banyak BERBOHONG"" https://t.co/gjvnu3fEtr",negatif
@CNNIndonesia Naah kan ini yg kalian mau kan.... Memprovokasi dpr untuk revisi UU. Padahal sebenarnya mau??? Silahkan saja... Mungkin 98 jilid 2 akan terjadi,negatif
@IsmailBhakti @Smsl_alghozali Bukan opini karena anggota DPR komisi IX Dede Yusuf ikut berkomentar terhadap hilangnya kata Madrasah didraf RUU SISDIKNAS.,Positif
Mau nyerahkan urusan perpanjangan pilpres ke DPR? Lihat aja track recordnya DPR,negatif
@PRFMnews Makin menjerit saja rakyat. Makanya 2024 harus jelas milih harus berubah jangan milih yg buat rakyat sengsara @DPR_RI,negatif
@bambangmulyono2 @ridwankamil @KemenBUMN @erickthohir @KemensosRI @puanmaharani_ri @DPR_RI Ini sudah ditangani oleh dinsos sukabumi kemaren siang,Positif
"Gorden Baru Rumah Dinas DPR Rp.7,3 Juta Per Ruangan, Pedagang Mayestik:Â Mengada-ada https://t.co/K3MA3kRSI4",negatif
"DPR YG PALING AMBURADUL,IYALAH DI REZIM  ,YG AMBURADUL https://t.co/soG4hs8o2W",negatif
@liputan6dotcom Boleh daftar dan uda terjadi Terdaftar di duga anggota DPR ada keturunan PKI...bgmn dgn Lembaga lainnya....apakah indonesia uda melupakan sejarah PKI ??,negatif
"Catat!
Kalo sampe terjadi amandemen UUD 1945 dan menambah masa jabatan presiden, saya tidak percaya lagi dgn Partai Politik.

DPR bukan lagi Wakil Rakyat.",negatif
(((Kayak baru pertama aja denger berita begini dari DPR))),negatif
@pengarang_sajak Panggil lagi donk @DPR_RI @PBIDI gitu aja koq repot,negatif
@YRadianto @DPR_RI Gorden kelebihan bayar ki,negatif
"Di Badung, Bali 
Ada spanduk ukuran jumbooo,, 
Mbak puan maharani, ketua DPR.
Busyet dah, panduk tok di besari tapi gak becus kerja!!!!. Tumben ada ketua DPR seperti itu, takut gk ada yg kenal ya?. Dn ujungnya nanti pki nama alm. Kakeknya ğŸ˜.",negatif
@geloraco Piling saya jika pemilu 2024 di tunda.istana dan Gedung DPR RI/MPRRI akan di sita oleh Rakyat.dan jkw tidak sah menjadi presiden (ilegal),negatif
"@Yatie84991237 @asli_lanang @PBIDI @DPR_RI Dimana ada kadrun disitu ada keributan. Makanya kadrun perlu dibuang ke laut, dan harus!",negatif
@jokowi Tp tolong bilangin ke partai koalisi di @DPR_RI agar tidak mengamandemen UUD 45 terutama di poin jabatan presiden,negatif
"@liputan6dotcom @DPR_RI bubarkan saja
Ga ada guna
Kau dijadikan wakil untuk mensejahterakan rakyat
Bukan membuat susah 
Bubarkan ga ada gunanmu
Dengan alasan mengikuti harga minyak dunia
Giliran minyak turun ada kau turunkan minyak
Wakil apa kau namanya
BUBARKAN SAJA",negatif
"@acmeiraa @txtdarisukabumi DPR kalo gak bubar, paling gak ganti nama lah. Malu soalnya gak sih? Wakilin rakyat, tapi ntah rakyat mana.",negatif
@BennyHarmanID Terus dpr mpr pada diam aja ?? Kemon pak.. cabut mandat presiden.. ini sudah kelewat batas keblingernya,negatif
"KADO MENJELANG RAMADHAN, DAN RAKYAT MAKIN MELARAT. TERIMAKASIH PRESIDEN @jokowi @Kiyai_MarufAmin @DPR_RI 
#MahasiswaMelawan Jokowi Kades Kepala Desa #WajibLengserkanJokowi #PeoplePowerLengserkanJokowi #BonekaPemalakRakyat 
@aliansibem_si @UGMBergerak @BEMUI_Official @BEMUNAIR_ID https://t.co/yedQfMac6a",negatif
"@__Sridiana_3va Oiyaa kn wakil... apa2 kudu di wakilkan 
... sueee kau dpr",negatif
"@DPR_RI kan belanja hordeng ny g pake duit sndiri..betul jg ni komika..palagi soal kyk baru denger aja berita bgnian muncul dr sonoğŸ˜âœŒ
Pkok ny soal happy biar mreka yg wakili..nah soal yg pedih,sulit,ngantri jg soal"" terkait kesusahan nah baru dah rakyat yg kdu mewakili mrekaâ˜•",negatif
"â€œWes tak omongi IDI ora teko, enek surate, dan ini baru kejadian ormas dipanggil DPR ora tekoâ€ ğŸ˜ğŸ˜ https://t.co/z05KdfS2p7",negatif
"Dede Yusuf (Wakil Ketua Komisi X DPR RI) sudah lapor pajak, bagaimana dengan Anda?

Bagi #KawanPajak yang belum melakukan pelaporan SPT Tahunan Orang Pribadi dapat melaporkan SPT Tahunan melalui website DJP.

Bayar dan Lapor Pajak
Tat Pajak Negara Kuat https://t.co/bWhlCrNCzq",negatif
@EastJavaAlter sini sama aku dekğŸ˜˜,negatif
"Anggota Komisi VIII DPR RI, Abdul Wachid mengaku prihatin jika benar frasa Madrasah dalam RUU Sisdiknas tidak dicantumkan.

Menurutnya, hal tersebut bertolak belakang dengan prinsip Pancasila.

https://t.co/Kt4v53YrEr https://t.co/88R8jZWsaZ",Positif
@mine_loederY DPR IAN BEST MUSIC,Positif
"@arya_dipa45 @P3nj3l4j4h_id @KaredokLeunca__ @Leonita_Lestari @ida2friani @GME_Gun @lettachantik @Al_Lebaran76 @sekar_malam @damput76 @Rosady1M Waduh seram ini p @jokowi

Mohon kewenangan @PBIDI @MUIPusat dialihkan ke Pemerintah

Bisa terjadi negara dalam negara

Jangan biarkan LSM terpapar radikalisme dan terkooptasi oposisi mengatur hajat hidup orang banyak

@puanmaharani_ri 
@DPR_RI 
@PolhukamRI 
@mohmahfudmd 
@BNPTRI",negatif
"Audiensi dengan Pengda JMSI Sumbar, Ini yang Disampaikan Anggota Komisi IX DPR RI DarulÂ Siska https://t.co/1AIwcDvpv7",Positif
"DPR RI Setuju Pemerintah Naikkan Harga BBM, Sesuaikan Harga Dunia https://t.co/yipGvqHnLb",Positif
@txtdarisukabumi Dan DPR pengen beli gorden lagi.,negatif
@AdamPrakoso17 @tanyakanrl Setiap rumah dinas dpr pasti punya mesin cuci dong gak mungkin banget dia cuci pke tangan aja wkwk,Positif
"dan ingat, manusia itu punya titik buta. suatu titik dimana hanya orang lain yang bisa menilai",negatif
"@OposisiCerdas Percuma pak, wong DPR skrg bukan wakil rakyat tapi wakil penguasa",negatif
@SalmaSJP Dpr ian,Positif
"Suara DPR itu suara rakyat atau suara oligarki-pemilik modal?

#IslamKaffah
#IslamSolusiNegeri

Jangan lupa Subscribe youtube kami
https://t.co/LJKVXXHMI2

@dakwahpolitik_islam
https://t.co/Komq7c5idW https://t.co/pXZCwmSfSF",negatif
"Suara DPR itu suara rakyat atau suara oligarki-pemilik modal?

#IslamKaffah
#IslamSolusiNegeri

Jangan lupa Subscribe youtube kami
https://t.co/LJKVXXHMI2

@dakwahpolitik_islam
https://t.co/Komq7c5idW https://t.co/O44xQMCnNR",negatif
"Usulan makan 2 pisang sehari adalah usulan bagus yg perlu didukung...
Ayo kita dukung agar semua pejabat Istana dan keluarganya, anggota DPR dan keluarganya, dan seluruh pejabat negara beserta keluarganya tiap hari makan 2 pisang saja!",negatif
"@hnurwahid Ada bukannya ada di DPR juga ya Yat. Sudah final kan pilpres mendatang 14 Februari 2024, kok sebagai wakil rakyat anda mengeluarkan statement yg provokatif!!! Sedangkan keputusan itu sudah final seolah2 anda tidak tau atau sedang menggoreng isu???",negatif
"@yunartowijaya kalo lewat media mah,sekarang dah susah... gimana kita samperin aja langsung ke DPR/MPR",negatif
"@OposisiCerdas Mengapa Pak Luhut begitu ngotot untuk memperpanjang masa jabatan presiden, padahal itu inkonstitusional dan sudah ditolak oleh mayoritas partai yg ada di DPR dan juga DPD ?",negatif
"Situasi di Mariupol

Pertahanan terpusat pasukan Ukraina di kota telah gagal, unit-unit Angkatan Bersenjata Ukraina dan Batalyon Azov menderita kerugian besar. 

Pasukan Sekutu (Rusia, Chechnya,DPR) menyerang kantong-kantong perlawanan yang tersisa dari beberapa arah. https://t.co/ljw8uqmlOE",Positif
@invisiblefairy0 Ini kok ga dibahas samsek sm negara kita ya? Apa cm aku yg ga denger? Atau kita lebih peduli harga bbm dan sembako yg naik? Atau beritanya ketutupan sm dpr yg mau ganti gorden 48M? Indonesia bilang gini tuh kpn dan dmn? ğŸ˜¶,negatif
@cybsquad_ @liputan6dotcom @DPR_RI Nggak ada guna duduk sbg perwakilan rakyat dg suara rakyat.,negatif
@waray_r @dianto_rusdian @tianhth_ @jokowi @AXA_Mandiri @DPR_RI Lagian lu ngapain si mau daftar beginian? Salah elu jg. Orang kaga ada yg maksain lu buat ikutan!,negatif
"@lanjanayu @Adi_8002 @jokowi @aniesbaswedan Jika kepala negara bohong / membohongi rakyat (DPR) menurut saya bisa disomasi.  Silahkan saja, jangan dimedsos saja, yg salah/kalah akan busuk.",negatif
"Nangis baca ini , halo bapak/ibu dpr bisa ga gausaj ngurusin gorden antum yg ber M M itu? Nih liat, rakyat u terlantar, tu 45M bisa buat mereka makan seumur hidup mungkinğŸ¥²ğŸ¥²ğŸ¥²ğŸ˜­ğŸ˜­ğŸ˜­ğŸ˜­ğŸ˜­",negatif
"@BossTemlen @zenold_AntiJoko Jika itu terjadi turun ke jalan..duduki dpr..
#WajibLengserkanJokowi 
#WajibLengserkanJokowi",negatif
"Perlu survai kepuasan rakyat melalui evaluasi dan analisa menjadi agenda rutin @DPR_RI dan pembahasan @DPDRI mencakup tingkat inflasi, jumlah kemiskinan, daya beli, indeks kebahagiaan, tarif layanan publik dan 'trend' harga kebutuhan versus program kerja serta diumumkan ke publik",Positif
"@Ronin19451 @RokipAbdulAziz @imwidodo @Migrivata @UdhaKayuno @CNNIndonesia Lu tu kafir kadron. Blo'on... Mana ada yg mau langgar konstitusi. Jelas2 dari awal dan sampai hari ini Peresiden Jokowi taat hukum. Yg usul itu rakyat. Dan Partai politik.
Kecuali kalo presiden nya yg wacana. Dan tetapkan di UU atau DPR merubah UUD45. GOBLOK Kadrun @Ronin19451 ğŸ˜",negatif
Jangan Pilih Ketua DPR Tersangkut Korupsi. Berikut ini Setya Novanto Korupsi Baca selengkapnya. https://t.co/sZ20eGq6k5,negatif
"@MataNajwa DPR yg katanya wakil rakyat tp gk ada fungsinya buat rakyat JD gk usah ragu untuk di bubarkan saja,di saat rakyat susah mereka malah buang2 duit rakyat.",negatif
"Irma Suryani Chaniago, anggota DPR dari NasDem, mengatakan ada 2500 dokter muda yg ng lulus ujian kompetensi. Tapi mrk ini sprti terbiarkan oleh IDI, dalam arti ng melihat jalan keluar lain. Padahal Indonesia kekurangan dokter.... https://t.co/L20zhcFY3g",negatif
Idealnya selama status pandemi belum dicabut maka semua kenaikan tarif layanan publik ditunda bahkan gratis/turun serta keringanan pajak agar daya beli sebagian besar rakyat dibantu karena efek inflasi @jokowi @DPR_RI @DPDRI @PerekonomianRI @kemenkomarves @kemenkopmk @KemenBUMN,negatif
"@democrazymedia Gegara DPR era Mega...
melakukan pemaksaan rekonsiliasi TAP MPRS XXV/1966 yg sudah diatur melalui Ketetapan MPR Nomor I tahun 2003.. 

Endingnya ... 
sekarang RUU HIP bakal ngebut disahkan...!!

Waspada ..!!",negatif
"@ArisWila Seharusnya Pemerintah bersama DPR.RI membuat payung hukum Undang2 tentang Perijinan prakter dokter dengan segala konsekuensi nya, Pemecatan ijin Praktek dokter hanya boleh dilakukan oleh Kemenkes yg disyahkan oleh Pengadilan, dan IDI. hanya sebatas Surat Rekomendasi, Saksi Ahli.",Positif
"@KRMTRoySuryo2 Jika saya kasih masukan demi pemerataan maka Gedung MPR DPR ada di Sumatera,  Mabes TNI di Papua,  Mabes Polri di Maluku,  MK di Sulawesi  dll...Salam #Ausbildung",Positif
@__Sridiana_3va Pantesan di DPR jewewewewew semua yakğŸ¤­,negatif
"@prastow Yang punya staff khusus begini..
Menkeu saja atau semua kementerian sih..
kalau Staff Khusus begini ikut rapat di DPR ? duduk disampingnyağŸ¤”
Atau Khusus untuk Medsos doang..",negatif
@behramlogy @AbdulHa06519089 @BehramLehri @SanjogPakistan @dpr_gob Mash Allah  zeberdasth,negatif
"@cybsquad_ @tni_ad @Puspen_TNI @DPR_RI Memang tidak ada dasar hukum nya anak keturunan PKI tidak boleh masuk TNI...!!??, ijin, apa kah akan menjamin jika dia Masih memiliki genetik dr PKI dan dia menggunakan jabatan dan kekuasaan nyaa serta kedudukan nyaa untuk menegakkan kembali ajaran PKI...!!????",negatif
@uyxqr Sangat cocok untuk org yg berbeda dengan yang lain blom ambil pusing dengan menggunakan jas hujan axio neon box sekali lagi saya juga pernah mengalami dimintai uang oleh DPR,negatif
"DPR: Peta Jalan Pendidikan Penting Dibuat Sebelum RUU Sisdiknas

 #Sindonews #BukanBeritaBiasa .https://t.co/6OgzR1zi5Z",negatif
@cybsquad_ @tni_ad @Puspen_TNI @DPR_RI Sdh kebobolan sjak jmn dulu. https://t.co/Sa23SsPNAZ,negatif
"DAN TETAP AJA..UDAH NGGA ADA SUARANYA PARTEY EMAK ITU!!! MAKANNYA HARUS PT20% DAN HARUS NGUASAIN DPR, MK, MEDIA, dst, dll, dsb...FLEXING TINGKAT DEWAğŸ¤ª",negatif
"Intinya pemilu langsung rakyat yang berkuasa berdaulat bukan presiden, juga bukan DPR, militer tapi rakyat. DPR tidak bisa membuat peraturan dengan tujuan memakzulkan rakyat, seperti periode 3 tanpa pemilu.",negatif
@acmeiraa @txtdarisukabumi picek tarah e dpr ki,Positif
@acmeiraa @txtdarisukabumi DPR ouh DPR,negatif
Jangan Pilih Ketua DPR Tersangkut Korupsi. Berikut ini Setya Novanto Korupsi Baca selengkapnya. https://t.co/sZ20eGH9m5,negatif
"Entah apa yg ada di otak pemerintah skrng ini.. ga tau nasib rakyat kecil, 

Yg lbh gila lagi ,GORDEN rumah para anggota Dpr harus ganti .. 

Ampun dah ah ..",negatif
"Pak Jokowi periode 1, bilang yang berhak terhadap saya rakyat. Bukan DPR, pemilu rakyat langsung pilih Presiden. Bukan segelintir penguasa partai cak Imin, Airlangga, Zoelkifli Hasan. Rakyat butuh sembako murah, sedangkan mereka butuh kuasa terus karena enak sih ngalir terus.",negatif
"DPR Setuju Pertamina Sesuaikan Harga BBM, Pertamax Diduga Bakal Naik Jadi Segini #Nasional https://t.co/DQDsZUma8Y https://t.co/5BXQCkfTmH",negatif
@markito0171 DPR/LPR probably.,negatif
@DPR_RI Di tegurlah menag ini bikin gaduh saja,negatif
"@DPR_RI Gus Yaqut: FPI dan HTI Masih Berkeliaran di Bawah, Ini Tugas GP Ansor Memberantas Mereka!
https://t.co/RXPlnp12yn",negatif
@democrazymedia @DPR_RI di tegurlah bikin gaduh aja ni org,negatif
@cybsquad_ @tni_ad @Puspen_TNI @DPR_RI SEMAKIN JELAS.,negatif
"Gaji 500 ribu ditahun 2022 cukup berapa hari? ga nyampe 3 hari abis. 
pergi dari jam 8 pagi sampe jam 4 sore, DPR daripada beli gorden mending bayarin hutang kami. Nyiksa bgt tiba2 mati hutang masi ada.",negatif
@opinefactual @Militarylandnet DPR OR LPR UNITS,negatif
@marlina_idha Makanya ga usah ada DPR ...pemborosan dan rawan korupsi,negatif
sumpah jodohnya dpr ian siapa ya,negatif
DPR DPR DPR DPR DPR DPR DPR DPR DPR DPR DPR DPR DPR DPR,negatif
@liputan6dotcom Hidup DPR,negatif
@OposisiCerdas Emang DPR berani ! ....orang Sdh 1 paket kok,negatif
Anggota Komisi II DPR RI Fraksi PKS Mardani Ali Sera mempertanyakan kehadiran Luhut di acara silaturahmi Asosiasi Pemerintah Desa Seluruh Indonesia (Apdesi). https://t.co/8bJ6MHMuzL,Positif
"Maaf gak keliatan, soalnya jendelanya ketutup gorden 48M. DPR terbaik pokona mah lah",negatif
"@OmKodoQ Perang di Indonesia belum Ada ? Maka Pemilu harus sesuai Agenda yg di tetapkan Pemerintah n DPR 14 April 2024
Rebut Freeport ? 
Kontrak nya sudah Habis bukan Merebut ! 51 % beli Saham tpi cuma dapat Jatah doang Operasionalnya mash Freeport yg mengendalikan Lucu kan ?",negatif
"DPR RI Setujui Kenaikan Harga BBM Pertamax Rp16.000 Mulai 1 April 2022 Mendatang
#HargaPertamaxNaik #Pertamax 

https://t.co/HgyFXnjhLF",negatif
"@cybsquad_ @tni_ad @Puspen_TNI @DPR_RI Doaku 
Semoga masih banyak TNI yg benar benar anak kandung rakyat",negatif
"@SahabatSaber Pemerintah, lembaga yudikatif yg m.jalankan UU, DPR-RI (lembaga legislatif) lah pembuat UU tsb.
Kepercayaan masy.lbh ditujukan kpd DPR, krn kekuasaan lembaga tsb yg dpt merubah UU.
KETAKUTAN atas wacana tsb dpt terjadi, yg terus dilontarkan, justru menjadi bola es yg trs b.gulir.",negatif
"@cybsquad_ @tni_ad @Puspen_TNI @DPR_RI Lakh Nyang jadi dewan aja udah banyak 
Yg jelas hukum dan dasar hukum hanyalah kesepakatan skelompok orang yg mewakili banyak orang digunakan untuk mengatur kehidupan berbangsa bernegara 
PKI dilarang !!! 
PKI itu wadah tmpat brkmplnya org yg punya tujuan tertentu
Kalo anknya????",negatif
@liputan6dotcom DPR setuju rakyat enggak,negatif
@VIVAcoid Kalian ini pemerintah apa perampok ya ?? Hukum dari mana barang hadiah kepada fans bisa di sita .. aku punya barang juga ini hadiah dari artis .. mau sita juga tidak ?? @jokowi @OmbudsmanRI137 @DPR_RI @MotoGP,negatif
"KPK Tagih RUU Perampasan Aset dan Penyadapan ke DPR

 #Sindonews #BukanBeritaBiasa .https://t.co/sAutSQomzA",negatif
@Stakof DPR enak ya kemana-mana dpt tinjangan lah saya hanya kuli serabutan. Pertamax naik bingung  belinya. Gaji harian gak naik-naik lagi. Busettdah,negatif
"@oeilverty @gayvita_  camo, monsta x, jung jinhyeong, dpr ian",Positif
"@tubirfess Setiap dipegang rezim banteng, negara ini makin ga karuan. Dulu pas emaknya, dpr setuju jualin aset negara, skr dpr lancar naikin bbm. Udah lah 2024 PLEASE JANGAN PILIH seluruh kandidat dari monyong putih yang ada badaknya.",negatif
@hariankompas @evy57889860 Ya itu doang himbauannya pa dpr,negatif
ada yang ship dpr ian x heeseung...,negatif
@CNNIndonesia Rakyat disuruh ngirit dsuruh ini itu anggaran gorden buat dpr 48jt ..teu baleg,negatif
"Padahal, kalo kita berani keluar dari zona itu, banyak hal menakjubkan yang sudah menanti",negatif
"@DPR_tIAN Iya doong, kakak pasti gapunya sebanyak itu",negatif
@tanyakanrl Infoin ke DPR min,negatif
@Stakof Rasain pilih prediden salah pilih dpr salah,Positif
"@OposisiCerdas Dia Yg manggil ketum parpol bicarakan perpanjangan jabatan presiden.
Dia yg meloby ketua DPR
Dia yg mempola APDESI dukung 3 periode.
Hanya dia yg terus berjuang menggolkan Jokowi 3 periode....",negatif
@marlina_idha Bang** nich anggota @DPR_RI,negatif
"@cybsquad_ @tni_ad @Puspen_TNI @DPR_RI Deal, Rejim ini adl rejim PKI, kalau Pangab ABRI M. Yusuf masih hidup, itu jendral Andika susupan PKI sudah di dor. Andika dan Hendropiyono gak ada beda, mrk 1 kubu. 

Baiklah militer harus lavan militer juga. Ini penjelasannya. 
https://t.co/mt2JVjAxSL",negatif
"@RamliRizal Semprul sekali dpr, harga crud oil 25 $ waktu itu berapa harga bbm non subsidi di pertamina?",negatif
"@AnonSpprtr Hebat B Novel di Serang Jurus sosor Bebek Hendry,Malah Hendry nya Yg Babak belur,TeriakÂ² Kya Anjing di gebugin,Jurus Majdub anda Mang Mantap B Novel,Susah di duga Lwan pdhal Pngcra Polisi n Anggota DPR PDIP Bukan KlengÂ² dia.
TeriakÂ² Minta Ampun ngadepin anda Bang Bukan Maen dah !",negatif
@cybsquad_ @tni_ad @Puspen_TNI @DPR_RI Dah terang benderang arah &amp; tujuan,negatif
Pemerintah dan DPR Komitmen RUU TPKS Berkeadilan Bagi Korban https://t.co/8lGMN6Xp8Y,Positif
@cleo_mochy @niko_kos96 @yunartowijaya Ga kebalik bro?....emang MPR DPR  bisa apa kalo LBP mau,negatif
"@RiuRizkiUtomo_ @PBIDI IDI merasa lembaga superior seperti MUI tidak tersentuh, cuman lupa IDI superior karena ada UU, Dr.TAP membuka pandora bahwa penyelewengan kekuasaan bisa terjadi pada badan yg monopolis, saatnya DPR merubah UU supaya lebih baik, terutama untuk kepentingan masyarakat",negatif
@detikcom Ketimbang buat korden dan aspal ...toh masih bisa dipakai dan dilalui...mending uangnya buat beli minyak goreng.     Bagikan buat rakyat ..dpt nama  deh DPR ...,negatif
@tanyakanrl cocok buat gorden DPR ini mah ğŸ™ƒ,negatif
Pemerintah dan DPR Upayakan RUU TPKS Implementatif Berkeadilan Pada Korban https://t.co/6mX9s92mU2,Positif
Pemerintah dan DPR Komitmen RUU TPKS Berkeadilan Bagi Korban https://t.co/8lGMN6FfUQ,Positif
"@ardinsyafrudin @cybsquad_ @tni_ad @Puspen_TNI @DPR_RI Iya ...

Yg ane khawatirkan dulu akhirnya terjadi juga",negatif
"Pimpin @DPR_RI  di @IPUparliament  Bali, Peluang @puanmaharani_ri  Jadi Corong Indonesia https://t.co/R5PM4IfoqC",negatif
DPR maksa aing buat ngekost atau gimana?,negatif
semoga m-banking bapak ibuk DPR keblokir terus ğŸ˜Œ,negatif
@cybsquad_ @tni_ad @Puspen_TNI @DPR_RI pengkhianatan keji oleh tubuhnua sendiri,negatif
"@HambaAllah_411 @cybsquad_ @tni_ad @Puspen_TNI @DPR_RI Coba kisanak simak dengan teliti, dengan jelas,. arah nya memang memberikan jalan bagi keturunan pki untuk menjadi anggota TNI,..",negatif
"@detikcom Setuju banget, tumben DPR bagus nih usulannya.

By the way kasihan juga sama mitraÂ² kerja yang biasa jadi ""calo halus"" di polresta/polrestabes, mereka bakal pensiun kalo beneran perpanjangan gratisssss.  ğŸ˜…ğŸ¤£",negatif
"@NataliusPigai2 DPR .??
NGACO LU....ğŸ¤£ğŸ¤£",negatif
@nontinin @ferdy_bo @PartaiSocmed Selagi belum ada amandemen uud45 dan perubahan UU tentang pemilihan umum maka 3 priode dan pengunduran pemilu TDK akan terlaksana. Namun Rakyat telah menyerahkan Kedaulatannya KPD DPR. Bila DPR mengamandemen UUD45 dan UU pemilu rakyat mau bilang apa.,negatif
@cybsquad_ @tni_ad @Puspen_TNI @DPR_RI Ane posting ini jadi salah pemahaman ğŸ˜¥ğŸ˜¥ğŸ˜¥,negatif
DPR Minta Rehabilitasi Diberikan Tanpa Syarat ke Pengguna Narkoba https://t.co/mLr5iMKT2b,negatif
"DPR Harap G20 Anti-Corruption Lahirkan Langkah Konkret Pencegahan Korupsi

 #Sindonews #BukanBeritaBiasa .https://t.co/M1BTvKVGdR",Positif
"Masalah penundaan pemilu dan 3 periode Jokowi yang disalahkan. Padahal suara itu kan berasal dari DPR yang isinya orang partai. Kenapa gak kritik parpol yang menggaungkan hal itu???
#Jokowi2Periode #jokowi3periode",negatif
@cybsquad_ @tni_ad @Puspen_TNI @DPR_RI Selengkapnya https://t.co/OzbT7JRQg4,negatif
@Lausala10 @__Sridiana_3va Ya iyalah 2 priode di Kantin DPR RI  ğŸ˜œğŸ‡®ğŸ‡©ğŸ˜œ,Positif
"@schzeyannbuf gak semua sama ( cowok )
kalau semua sama 
aku juga sama kayak presiden
anggota dpr
crazy rich 
tetangga mu yang baik 
dokter
insinyur 
yutuber
pak haji 

bapak mu ...",negatif
@XIXdgmbkXIX @djalil_sofyan @atr_bpn Pak @jokowi udah pecat aja ini bawahan Bapak. Spt nya ini ada yg NGAK BERES. Sadis bgt sampe intervensi. Aneh!!! @officialMKRI @Humas_MA @KPK_RI @firlibahuri @MahkamahAgung @mohmahfudmd @DPR_RI @puanmaharani_ri @GATRA_com,negatif
Ternyata mudah jadi ketua dpr cuma nangis di dpn rakyat saat bbm naik .. https://t.co/fH8VpqEdVk,negatif
"Anggota Komisi III DPR Fraksi Gerindra, Habiburokhman, meminta Komisi Pemberantasan Korupsi (KPK) mengusut adanya mafia minyak goreng. Habiburokhman juga meminta pelakunya dituntut hukuman mati. https://t.co/P1E9aTBApT",Positif
"@detikcom Usul beda tipis dengan usil, dpr dipercaya...ğŸ˜‚",negatif
ya Allah bisa ga sih gw dijadikan DPR RI biar dpt beli gorden harga 80 jt,negatif
"@Yorkeous @knpiharis Anggota DPR, DPD bahkan pengamat pun ikut bicara soal 3 periode. Menurut lu itu langgar UUD..??  Goblok lu kebangetan. Gue ngomong 3 periode juga langgar UUD..?? Bodoh akut lu. Paham.  ğŸ˜‚ğŸ˜‚ğŸ˜‚",negatif
kirimin aku menfess jga dongg iri ak liat yg dpr menfessğŸ˜©ğŸ˜©,negatif
Ngobrol perkara iman dg Gus Fawaid  Gus Hilmi mengenalkan Dakwah ala manhajin Nubuwwah sama Anggota DPR JATIM https://t.co/W1gC3BHt9Q,Positif
"@detikcom Lha wong saya aja gak bs merasakan ""kehadiran"" ibu dan teman2 di DPR untuk keluhan2 ekonomi masyarakat, kmaren migor langka bahkan sekarang harganya naik, ibu  dan teman2 di DPR ngapain? Ngukur baju lebaran kah?",negatif
@nksthi Gak ada yang mau naik ke gedung dpr lagi ?,negatif
"Waktu minyak dunia naik om lagi bobok ya?? Ayoo ngaku..
Bantah Setujui Harga Pertamax Naik Rp 16.000, Komisi VI DPR: Cuma Dukung Harga BBM Sesuai Minyak Dunia https://t.co/AMkP9FQMpT",negatif
"@AmbisUCL @thegreatcr7x @hidelove12 @caklazt @fungsionaris @Heraloebss @DPR_RI @jokowi @PBIDI Ngeliat pakai dua mata jangan sebelah doang. Intinya begitulah IDI, bahkan RSUD juga begitu. https://t.co/0wIPzsosRX",negatif
Tumben DPR bener...,negatif
"@segopecels @killthedj @jokowi Hal ini penting untuk tau dimana penyakitnya, dan dpr tidak punya lagi alasan jelas mengapa harus amandemen uud masa jabatan presiden. Rakyat pasti mendukung",negatif
@tubirfess DPR tuh kupingnya budek semua. Ga bakal denger suara rakyat,negatif
td sm mas gojek tbtb ditanya â€œsampean orang tuanya dpr ta mbakâ€ ????? ğŸ˜­ğŸ˜­ğŸ˜­ğŸ˜­,negatif
@kochengfess DPR nya para babu,negatif
@6undul0h Terserah lo nyet yg milih kann bukan rakyat tapi dpr ... semoga menjadi amal keburukan untuk semua yg mendukung,negatif
DPR KONTOL.,negatif
"@AndRohim @IwanSetyobudi9 @JanuariAlex @HmfaqihA @jokowi Masya allah,makasih loh bpak sudah memuji saya, jelaskan sma saya bagaimana cara nya HTI bisa merubah negara menjadi Khilafah?? Kan yg bisa merubah itu semua hanya DPR loh pak. Skrg DPR aja malah sibuk menyetujui harga BBM naik loh pak. Bpak tau itu gk??",negatif
@liputan6dotcom Kapan DPR minta persetujuan gua? Gua rakyat kalian cuma perwakilan woy,negatif
"@liputan6dotcom gaji dpr coba ganti umr biar tau rasa, gaada otak nya",negatif
@KompasTV jalan satu satu nya kepung istana dan dpr turun kan dia,negatif
"@Otniel_Gaol @thegreatcr7x @hidelove12 @caklazt @fungsionaris @Heraloebss @DPR_RI @jokowi @PBIDI Ini kesalahan paling fatal. Padahal uji pada hewan adalah tahap pertama sebelum ke manusia dan gak bisa dilangkahi. Banyak penelitian sel dendritik itu untuk terapi kanker dan imun, bukan vaksin. https://t.co/nf8I3IVwfL",negatif
#TolakPenundaanPemilu2024 @KPU_ID @jokowi @DPR_RI - Tandatangani Petisi! https://t.co/EFJ7ecMbIJ lewat @ChangeOrg_ID,negatif
Kebangun gara-gara mimpi buruk  bayar pajak mahal cuma buat ngganti gorden DPR 48M,negatif
"@jokowi ambigu sih ini, tidak tegas 2 periode selesai.
jika nanti tiba2 para anggota DPR MPR yang isinya koalisi mereka sahkan tambah 3 periode berarti jadi barang itu.
clue nya TAAT KONSTITUSI",negatif
@AmbisUCL @thegreatcr7x @hidelove12 @caklazt @fungsionaris @Heraloebss @DPR_RI @jokowi @PBIDI Ngeles2 molo kek yg di kendarain dp lo wkwkwk...,negatif
"@dah_ribet_amat @arupha_00 @shiningmoon98_ @Getitrights @tanyakanrl Di kantor dpr ada gak sii bayar iuran kayak uang kas gitu? Kan lumayan nnti kalau ada sisa buat beli tinta spidol, penghapus",negatif
"Russian and DPR flags raised in Kalchik, Donetsk #Ukraine #UkraineWar https://t.co/aW51LtVw0p",Positif
Langkah Bupati Kotim ke DPR RI Terobosan untuk DukungÂ Pembangunan https://t.co/TDbdSlV8JK,Positif
"@AzzamIzzulhaq Aneh, DPR dan Polri tidak bertindak memberikan sanksi.. suasana seperti dulu zaman RIS, tidak ada masalah dibuat masalah meruncing menyangkut konstitusi.. pantesan Mahfud mendahului mengatakan pemilu 2024 akan panas.. mereka berniat ciptakan suasana tidak kondusif..",negatif
"@Otniel_Gaol @AmbisUCL @hidelove12 @caklazt @fungsionaris @Heraloebss @DPR_RI @jokowi @PBIDI tebang pilih apanya? vaksin2 lain baik asing dan dalam negeri semuanya diberi kesempatan dan semua patuh kaidah uji klinis, cuma AIVITA yang suka bikin ribut dan banyak itervensi politiknya,terutama dari para anggota DPR. dan aneh bener hal kyk gini dibahas di forum DPRğŸ¤£",negatif
"@PartaiSocmed Wah, kebetulan mayoritas dpd dan dpr dari partai koalisi, kapan lage ini. Pasti pikirnya begitu",negatif
@Candraasmara85 ternyata pengecut juga mangkir di panghil dpr,negatif
"Ketua Fraksi PKB di DPR RI Cucun Ahmad Syamsurijal menekankan, kebangkitan ekonomi pasca pandemi Covid-19 perlu kerja ekstra, terutama bagaimana penguatan PDB Indonesia. 

https://t.co/BJ58jKHfff",Positif
"@RamliRizal Kok ke a hok ya ? â¤
Bukan ke dpr fokusnyeeee",negatif
"Komisi XI DPR RI menggelar rapat pelantikan pergantian Ketua Komisi XI dari Dito Ganinduto ke Kahar Muzakir.

https://t.co/Gq1Vd8ucPo",Positif
@MrsRachelIn pertinyiinyiii... dpr bisa apa.. brani gak bubarkan ormas idi bersama pemerintah.. #tikussudahmenguasailumbung,negatif
Anggota Komisi V DPR RI Minta Kemenhub Rumuskan Aturan Teknis Mudik Lebaran 2022 https://t.co/4fv4DAitaY,Positif
"@RiuRizkiUtomo_ Gaspol pak, bersama DPR segera buat RUU nya disahkan. Sudah muak dengan ormas kelakuan preman. Apalagi yg sudah disusupi kadrun.",negatif
@bebetterplss Dpr kont*** kesel aku sorry ya kasar. Bygin ekonomi lg dlm pemulihan eh mlh dijaddin lahan bisnis apa2 naik anj,Positif
Jadi pengen ngebunuh dpr yang korup https://t.co/OuUX4mIoGh,negatif
@AREAJULID setahuku yg usul naikin dpr bukan pemerintah...,negatif
@Pwr36 @MaulanaPrayitno @tempodotco Bgmna dgn Usulan RUU HIP DPR_RI yg Mau Menghapus TAP MPRS Nomor XXV/MPRS/1966..???,Positif
"Kota dengan Intoleransi Tertinggi se-Indonesia 
CC
@pemkotdepok 
@Pemprov_Sulsel 
@HumasPoldaAceh 
@DPR_Aceh 
@humasbna 
@DiskominfoPKU 
@PemprovSumbar 
@POL_PDG_PANJANG 
@986topfm 
@InfoPadang_ 
@beacukaiSabang_ 
@humasreslangsa 
@PemkabPadangPrm 
@InfoCilegon 
@pemkotdepok",Positif
@Dwingendrecht Yuk bisa yuk demi anak cucu kita dan masyarakat @DPR_RI,Positif
"@detikcom DPR bilang begitu? Ada banyak hal penting dan besar, koq ngurusin perkara remih temeh?",negatif
@adgardis GUE BERASA KEPILIH JADI ANGGOTA DPR WKWKWKWK AYO ON DIKA INI WISHLIST LU YG SATU LAGI DILAKUIN,negatif
"Secara science, itu adalah bukti empirik! Oleh karenanya, saya sangat menyesalkan putusan IDI tersebut, apalagi sampai memvonis tidak diizinkan melakukan praktek untuk melayani pasien,"" ujar Yasonna.
Komisi IX DPR RI akan panggil IDI secepatnya.
https://t.co/Frp4HofM2C https://t.co/7t6CNf0kwo",Positif
"@satriohendri @tvOneNews New Fir'@un. Bila MPR dan DPR benar2 mewakili rakyat tidak mungkin ada amandemen UUD dan menyetujui RUU.
Jln terakhir menyelamatkan negara adalah People Power dan/atau Revolusi.
Kegagalan reformasi ditangan penguasa yg TDK tepat.",negatif
"punten tulung banget, kalo line up hitc jkt ga ada keshi sama DPR.. aku mundur nabung buat ketemu bebeb yg lain, trims.",negatif
@thegreatcr7x @Otniel_Gaol @hidelove12 @caklazt @fungsionaris @Heraloebss @DPR_RI @jokowi @PBIDI Intinya salah data ya pantes ditolak,Positif
"@Otniel_Gaol @AmbisUCL @hidelove12 @caklazt @fungsionaris @Heraloebss @DPR_RI @jokowi @PBIDI FYI, immunotherapy pake dendritic cell juga masih riset, bukan standar baku terapi kanker.",negatif
@YRadianto @DPR_RI Gordennya terbuat dari apa ya,negatif
"@Otniel_Gaol @AmbisUCL @hidelove12 @caklazt @fungsionaris @Heraloebss @DPR_RI @jokowi @PBIDI Di berita itu, data uji pra klinis hanya mengambil dari data2 sel dendritik yang sebelumnya digunakan untuk immunotherapy pada kanker. Tetep aja data uji pra klinis spesifik mengenai dendritic vaccine AIVITA tidak ada dan memang tidak mau melakukan. https://t.co/LBqu4SDD5m",negatif
@Mi9aWempy Dan para anggota DPR yang terhormat lagi sibuk membahas gorden baru dengan anggaran yg fantastis ...,negatif
"pertamax naik,nggo nomboki tuku gorden DPR?iki mung takok",negatif
"Baca berita pertamax naik sampe 16rb/liter, dan DPR setuju kalo pertamina mau naikin harga pertamax karena minyak dunia juga naik, makin lucu negri ini, rakyak di paksa bayar pajak, pajak di buat gaji pejabat, pejabat dapet tunjangan beli pertamax, rakyat?",negatif
@detikcom Gak laku. Kalau PDIP ngotot mengusung Puan sebagai Capres maupun Cawapres siap''nyungsep PDIP. Masalahnya ada petugas partai yang elektabilitasnya lebih tinggi. Puan Maharani tau apa tentang pemerintahan. Dia jadi ketua DPR karena kebetulan partainya menang pemilu 2019.,negatif
"@YRadianto @PadmavatiPrati1 @DPR_RI Gordennya multifungsi kali Ki, bisa skalian dipake buat nutup aib mereka yg jumlahx ratusan orgğŸ˜…ğŸ¤£",negatif
"Sentil Pemerintah, DPR Tagih Vaksin Booster Halal https://t.co/5n84k2ds0r",Positif
@hiRafffff @jefrinichol @keanupahIevi Bhahaha besok kita ribut aja ngab di depan gedung DPR wqwq.,negatif
@dpr_yian Tempat tidurnya cuma satu? Itu namanya siapa hyun?,negatif
"@RamliRizal Tai emang tai.....naik nya jauh banget sampe 16k kurang lebih, gua pake Pertamax biar bisa ngalah sama pertalite, sekarang malah Pertamax yg mau di naikin jauh lagi sampe 16k, tai DPR negri wakanda.",negatif
@MentalShin91 Wkwk oh iya bener juga,negatif
"@AmbisUCL @thegreatcr7x @hidelove12 @caklazt @fungsionaris @Heraloebss @DPR_RI @jokowi @PBIDI https://t.co/ZCtZIpe6S5

Semua itu sudah pernah di bahas di forum. Emng IDI n BPOM tebang pilih. Gini ya Dr Terawan itu kan pinter ya. Ya masa begituan gak ngerti beliau.",negatif
@dpr_yian Dia ga kebagian tempat tidur hahaha,negatif
"@NenkMonica Mana nih Aparat Hukum?  Sudah terang benderang melanggar Konstitusi ğŸ˜¡ğŸ”¨ğŸ˜¡
@ReflyHZ 
@rockygerung_rg 
@DPR_RI",negatif
"@SmithAprilia Bukti satu lagi, pejabat DPR dua kali berhasil dengan sentuhan beliau https://t.co/NLUi69W1Ku @Kadir_Karding",negatif
Muka Han ngajak gelut banget ya https://t.co/5b9plvW9v5,negatif
@dpr_yian Itu foto dua tahun lalu hyung hahahaha,negatif
@MaryonoNcet @MaulanaPrayitno @tempodotco Apa pernah di bahas di DPR atau di usulkan oleh pemerintah bro.... Tolong data riil ya bro.. Kalau sekedar isu jangan di bahas bro...,negatif
@BlueJeans_Hitam @Febree17_ Rumdin anggota dpr yg dikalibata kecil cuma type RSSS makanya anggota pngen banget ngerasain gorden harga sultan.,negatif
@MentalShin91 Fresh banget mukanya yang lagi wamil,negatif
"Minim Vaksin Halal Covid-19, Anggota DPR Minta Kemlu Bicara Ditingkat Produsen Internasional.
 https://t.co/hnUdAOdclJ lewat @aktualofficial",Positif
@hongsuzui Mau mode jamet dong yang https://t.co/3V4Em368wC,negatif
Ibu DPR senang sekali mendapat pelayanan bare minimum ğŸ™ƒ,negatif
"Dengan direalisasikannya dana operasional ini, sebagai Waketum Partai NasDem, Ahmad Ali menyampaikan rasa terima kasihnya kepada Presiden Jokowi, Menteri Desa PDTT, serta Fraksi Partai NasDem di DPR yang konsisten menyerukan kebutuhan dana operasional bagi para kades ini.",Positif
"Sedari awal NasDem telah menegaskan dukungan politiknya, baik kepada Menteri Desa maupun Presiden, agar alokasi dana operasional ini direalisasikan. Hal ini terlihat sejak sejumlah perwakilan kepala desa menyampaikan aspirasinya kepada Fraksi NasDem di DPR, Januari silam.",Positif
"Jokowi : Semua pihak harus taat pada konstitusi yg sdh jelas mengatur soal masa jabatan presiden
Catat, 
"" Semua Pihak ""termasuk DPR, Pejabat , lembaga survei yg bisa saja mengatur ulang konstitusi dgn caranya masingÂ². 
Kalau saya g percaya apa kata Jokowi https://t.co/1uUcUKn4d9",negatif
"@hybexleo @dpr_yian So sweet banget si ayank, pengen nya ups and down di kasur si gu tapi mentok nya up and down dalam hubungan aja, kita jarang berantem tapi sekalinya berantem bisa-bisa perang dinginğŸ™‚",negatif
Ketua FPKS DPR RI: Legislator PKS Makin Menyatu dengan Masyarakat | https://t.co/gsh7fQ0lhI. https://t.co/AwV2JMHxhk,Positif
@Otniel_Gaol @thegreatcr7x @hidelove12 @caklazt @fungsionaris @Heraloebss @DPR_RI @jokowi @PBIDI Mana bukti beritanya?,negatif
"@Sunset___17 Nah ini benar kegedung dpr 
ğŸ‘ kalau yg dpusat harusnya y ke gedung MPR DPR",negatif
"Agung Budi Santoso Minta Setjen DPR RI Kaji Ulang Penggantian Gorden Senilai Rp48,7 Miliar https://t.co/0idjwVML9l",Positif
Ketua FPKS DPR: Legislator PKS Harus Menyatu dengan Rakyat https://t.co/qeGpLTtcfW.,Positif
"570 anggotaâ€¦ DPR 
Sekian banyak Bupati yg habiskan miliaran rupiahâ€¦",negatif
@thegreatcr7x @AmbisUCL @hidelove12 @caklazt @fungsionaris @Heraloebss @DPR_RI @jokowi @PBIDI Di Amerika udh uji pra klinis,negatif
"@geloraco Tolol tuh DPR dipilih karena uangnya atau ketololannya,,,ğŸ˜œğŸ˜›ğŸ˜‚ğŸ˜‚ğŸ˜‚ğŸ¤·ğŸ¤¦ğŸ¤¦ğŸ¤¦",negatif
@marlina_idha Yg gorden sih memang dpr parahâ€¦makanya Semoga psi bisa masuk dpr hihi,negatif
"Tinggal di @DPR_RI aja lagi bola utk mengamandemen undang2 masa berlaku jabatan presiden, tapi nda adil dong, klo masa jabatan dan hak utk maju lebih dari 2x hanya utk presiden, bup,walkot,gub pun harus sama, kalau ada perpanjangan yah gub maupun bupati/walkot diperpanjang jg",negatif
@dpr_yian Gabisa kah ngebucinin yang aesthetic dikit?ğŸ¥°,negatif
Klo DPR isi nya manusia normal dan punya hati pasti pada mikir sih harusnya. Gua curiga DPR Isi nya nya afiliator jugağŸ˜…,negatif
Lah kok main setuju2 aja. Gimana kalau dibalik? Masyarakat setujui tunjangan DPR dipotong 99%,negatif
"Targetkan 34 Kursi DPR RI, Ketum PKP Minta Kader Jangan Minder https://t.co/y4rNx7dZAc",Positif
@geloraco liatin aj ap berani dpr'ağŸ˜‚ğŸ˜‚ğŸ˜‚,negatif
"@marlina_idha Dulu DPR selalu menolak apabila ada kenaikan baik kenaikan BBM,TOL dan sembako eh sekarang jadi sebaliknya apa karena semua sarananya di tanggung  kali ya jadi setuju semua tampa memikirkan rakyat yg selalu jadi yg tertindas",negatif
@NataliusPigai2 DPR tidak berfungsiâ€¦.!!!!,negatif
"@20detik Sementara pandemi covid rakyat susah cari uang untuk makan...
Bapak malah memanjakan anggota DPR yg kaya raya.
Silahkan aja Pak, teruskan...! semoga di ampuni dosa dosa semasa hidupnya.

( pintar cari peluang )",negatif
"@LurahKW @dipoalam49 Jangan skeptis dan pesimis, kita doakan saja para anggota DPR yg terhormat itu benar2 menjadi wakil rakyat yg patut dihormati karena integritasnya.
Salam Sehat dan Salam Sukses",negatif
Ini Sebab Kahar Muzakir Batal Dilantik Jadi Ketua Komisi XI DPR https://t.co/in1Pk5WerD,Positif
"@Didosennahadi1 @KompasTV Mukidi lupa diri, ngeselin liat muka nya, ngak sadar rakyat sudah menderita dibuat nya dan para koloni koloni nya di istana dan dpr sana. Entah yg mau mendukung 3 periode itu ada apa tidak otak nya, saya rasa otak merka itu adalah gas taik dari lambung nya yg bicor karena lapar.",negatif
"Hadiri Silaturahmi Apdesi dengan Jokowi, Pigai: DPR Harus Panggil Luhut, Tanya Tupoksinya Apa https://t.co/WtbrsCBxNB",negatif
@AnantaKusumo @YRadianto @DPR_RI Lumayan,Positif
Kalo DPR menyetujui ya berarti benar memang keinginan rakyat.. ğŸ¤­,negatif
DPR = Damage Per Rasengan https://t.co/Iw7uLuWBTg,negatif
"kadang kita udah terbiasa dengan ""zona nyaman"" (padahal belum nyaman beneran)",negatif
"@AOSBaduy008 @musniumar @ProfylHenuk Dengan kata lain. Lo emang bukan prof di negri ini hehheehh...
Hanya kaum tertentu yg mengerti dan bisa menerima kenyataan ini...
@DPR_RI @mprgoid",negatif
Anggota DPR: Syarat Vaksin Booster untuk Mudik Tidak Adil https://t.co/6vjwdrWUy3,Positif
"Sentil Pemerintah, DPR Tagih Vaksin Booster Halal https://t.co/M5zTERw8km",Positif
Gak heran. Mas wiwib pernah cerita ini. Ini anggota dpr mpr siapapun yg terima aja dapet vaksin nusantara tidak lain karna pernah dapet kebaikan terawan. Jadi kya â€œgak enak kalo nolakâ€ ğŸ™ƒ,negatif
"@PartaiSocmed DPR dan DPD gimana ?,",negatif
DPR dan semua Institusi ada diketek Luhut....,negatif
"@Ghurem2 Pateen...
MUI sarang kadrun sdh dikebiri, skrg giliran IDI yg jg adlh sarang kadrun jg akan dikebiri..

Jd makin paham ya, jika suatu organisasi (apapun), jika pengurusnya sdh terpapar virus kadrun, organisasi tsb jd rusak &amp; penuh kebusukan.
@DPR_RI @KemenkesRI @cokro_tv @psi_id https://t.co/9sdPM2tQO2",negatif
NJIIINGGG MAHAL BANGEEEETTTTT. NMAX BOROSSS ANJEEENGGG DAH GILA KALI NI DPR GILAAAA,negatif
@liputan6dotcom @DPR_RI Hidup anda ngaco semua. Duit aja yg kalian kejar kesejahteraan rakyat kagak. Bubar aja dah dpr ngapain diadain juga ga guna malah ngebenanin rakyat. UMR naikin tuh biar rakyatnya sejahtera. Petani juga sejahterain masa pas sayuran mahal disidak pas pupuk mahal pada diem,negatif
"Gaji naik ga seberapa;

Tapiâ€¦
Minyak Goreng
Bensin

Bsk Apalagi haaaah???

Ga sehat ih bener2 deh

Giliran DPR ganti gorden aja pilihan juta. Dhuafa banyak Gaya. Ceritanya wakil rakyat, apaan yg terwakili ğŸ˜‚ğŸ˜‚ğŸ˜‚norak",negatif
@detikcom Bubarkan DPR..,negatif
"Anggota DPR ragu banyak masyarakat yang ingin berpartisipasi mengumpulkan dana untuk proyek Ibu Kota Negara (IKN)

https://t.co/qlaYCSua62",Positif
ada yg tau ga si hitc jakarta kapan? mau liat brian niki warren sama dpr,negatif
@DPR_Jalanan Wkwkwkwkwkw..,negatif
@Eternityarchon ayato as dpr ğŸ˜”ğŸ’”ğŸ’”,Positif
"ava dpr ian, mark lee, lee jeno red flag smw",Positif
@newjukyumoon gue beneran ngiranya april mop loh.. ntar tau2 ada revisi atau penolakan DPR pas tgl 2,negatif
"@idextratime Loh kok gak dikasih DPR, eh Mesir jatahnya?",negatif
"Gila si tahun ini, minyak goreng naik, minyak motor pun naik, gaji gk dinaikin.  DPR enk tingal mutusin naikin harga:')",negatif
"Istana seakan Mendukung, tpi om didu lupa klu agenda Pemilu sdh ditetapkan oleh DPR dan Pemerintah 14 Februari 2024, masa yg bgini masih digoreng juga. Eh lupa, jgan2 om didu keciprtan Tumpukan migor 16rb Liter itu?? mknya ska ngegoreng",negatif
"which masyarakat? kayaknya 'masyarakat' pemerintahan, atau 'masyarakat' menteri atau dpr deh.",Positif
"Komisi III DPR RI rapat kerja bersama KPK RI. Dalam rapat itu, Ketua KPK Firli Bahuri sempat berbicara terkait rencana KPK mengawal pembangunan IKN Nusantara. https://t.co/umNyrwPfJk",Positif
@ahkam2634 @MurazzaA Ibu ketua DPR bisakah menerangkan apa maksudnya?.,negatif
@berlianidris Tapi pak.. DPR sudah setuju.. DPR kan wakil rakyat.. yang milih juga rakyat sendiri.. berarti secara tidak langsung rakyat juga setuju kenaikan pertamax.. ğŸ¤­ğŸ¤­,negatif
"DPR Setujui Harga Pertamax Naik, Rizal Ramli Sindir Ahok: Audit Dulu Dong Pertamina! https://t.co/JpfXdAw6Vc",negatif
"@berlianidris DPR ibarat menumpahkan bahan bakar didepan pendemo anti penundaan pemilu dan 3 periode biar demonya makib masifâ€¦., Pak Jokowi yg bakal kena getahnya. Oalah politikâ€¦. Nggak jelas mana kawan mana lawan, mana iblis mana malaikat.",negatif
@moonhild_ @convomf kalo aku sama dpr ian gapapa? ğŸ˜´,negatif
"Sekarang terserah ELIT,
Partai politik, @DPR_RI ..
@DPDRI
Amandemen tanpa Sandra 
Presiden 
demi kepentingan kelompok.
Atau Tidak sama sekali.

Konsisten?",negatif
DPR kan dewan perwakilan rakyat ya? Kira-kira suara rakyat manakah yang diwakilkan sehingga menyetujui kenaikan harga bbm?â˜º https://t.co/iQh7osKcnt,negatif
@blckcappuccino yang tahun kelahiran ..... lagi merasakan pahitnya kehidupan. enggak bro dia anak dpr,negatif
Dpr ini representative rakyat atau bukan sih wkwkwkw,negatif
"Polemik hilangnya â€˜madrasahâ€™ di RUU Sisdiknas, Komisi X DPR: kita pernah ingatkan pemerintah!

https://t.co/imDPucShGn

#ruusisdiknas #sisdiknas #dprri #kemendikbudristek #Lensaindonesiacom",Positif
@detikcom Tidak .. dan Jangan lah... mau makan apa nanti petugas di samsat sana...??? Kasian lah... masa DPR saja yang mau makan  dan mau KAIN GORDENG  untuk rumah dinas nya...  bapak bapak di samsat  sana juga mau seperti  anggota  DPR itu..,negatif
"@RamliRizal MancingÂ² aja @BennyHarmanID itu Pak Rizal!
Dia yg punya hak macamÂ² di dpr itu, beraninya cuma koarÂ² di medsos doang! 11 12 ama partainya. Banci! ğŸ˜",negatif
"@geloraco Bila motif menjilat mengemuka, ratusan dalih pembenar disampaikan. Tak peduli hrs injak"" konstitusi, pelintir aturan hukum &amp; UU. Upaya bahlul ungkap modus operandi gerombolan mayoritas poli_tikus busuk Senayan @mprgoid @DPR_RI u/memperkaya diri &amp; berkoar"" demi kepentingan rakyat.",negatif
Kan iso amandemen uud 1945  lewat mpr/dpr tuk memperpanjang masa jabatan presiden atau ditambah jadi 3 periode tuk pemilihan langsung presiden jika rakyat indonesia yang menghendaki. Merdeka,negatif
"Sekretariat Jenderal DPR RI melakukan sosialisasi Program Magang dan Studi Independen Bersertifikat (MSIB) yaitu ""Magang di Rumah Rakyat DPR RI Tahun 2022"" di Universitas Udayana, Bali, Selasa, 29 Maret 2022. 
via @DPR_RI 
https://t.co/Rj22QnidP4",Positif
kalau stress bawaannya pingin dengerin dpr mulu https://t.co/Mwezedfk72,negatif
@octyapc Lebih horor dari hordeng DPR,negatif
"subsidi di tarik gaji anggota DPR naik, wakil kan seharus lebih susah dari rakyat",negatif
"Rep nya debat kyk DPR 

SAMA SAMA GK PENTING",negatif
"DPR setujui kenaikan harga BBM, Netizen: Kok Puan Maharani Gak Nangis seperti jaman SBY?
#pertamax
#bbmnaik
#hargabbm
#DPR
#puanmaharani

https://t.co/9zDsyZxpdF",negatif
"ISI DPR MPR ITU HARUS NYA DI GANTI. DENGAN PENERUS BANGSA YG MEMILIKI SUARA KRITIS YG TIDAK MEMBEBEK. 
SEBAB NAMA NYA PERWAKILAN RAKYAT HARUS MENJALAN KAN ASPIRASI BUKAN BASA BASI. 

TUTUP HORDENG DULU AHHH  ğŸ˜‚ğŸ˜‚ğŸ˜‚",negatif
"Jika tdk bisa diselesaikan masa jabatan @DPR_RI yg habis 2024, DPR mayoritas 2014 terlibat arogansi beresiko suara akan turun yg dialami partai bg @jansen_jsp pemilu 2019
Cc @tifsembiring @Fahrihamzah @puanmaharani_ri @fadlizon @ZUL_Hasan @cakimiNOW @na_dirs @muannas_alaidid",negatif
"@ABSetyono @Spy_Zone85 @kemkominfo @PlateJohnny Menkominfo Johnny G. Plate mengatakan, keputusan untuk menerapkan pemilihan umum secara elektronik atau e-voting pada Pemilu Serentak 2024 menjadi kewenangan KPU dan DPR.
@kemkominfo",negatif
@hanihaee7 @andalasfess Kurang sepuh soalnya jarang ke DPR dan sekitarnya ğŸ™ğŸ¼,negatif
gorden nya dpr mgkn gorden surga ya,negatif
"@amardinette aku baik, teteh apa kabar? abis jadi TDI kok langsung jarang keliatan si teh kaya caleg yang udah lolos jadi anggota DPR aja ğŸ¤­",negatif
@nksthi DPR kan setuju usulan e pemerintah ğŸ˜Œ,Positif
istipar kagak lu anak dprğŸ˜¡ you guys can have him when i dont need him anymore nye nye nye anjing lu noah,negatif
"@VIVAcoid Klo begitu coba pak @jokowi,usung oleh pak @luhut_binsar jd Sekjen PBB,segera saja,setelah lengser jd Presiden RI thn 2024,promosikan ke berbagai negara dunia @mohmahfudmd @ZUL_Hasan @cakimiNOW @airlangga_hrt @MPRRI @DPR_RI @DPDRI @DPP_PKB @PartaiGolkar @Official_PAN",negatif
Buset enak yh jd DPR ğŸ˜©,negatif
"Arogansi &amp; diktator kekuasaan pemilu 2014 di @DPR_RI mayoritas saat itu. Bagaimana mau pimpin 2024, kelakuan 2014 blm dibersihkan dg amandemen presiden cukup 1 periode
Cc @hnurwahid @Fahrihamzah @puanmaharani_ri @jokowi @MataNajwa @jansen_jsp @cakimiNOW @ZUL_Hasan @tifsembiring",negatif
@killthedj @jokowi Bakal jadi warning kalau udah ada 'gerakan' di DPR buat rubah undang-undang,negatif
@darjofess Kav dpr,Positif
"Kenapa kok DPR-RI suka anggukÂ² burung tekukur atas kebijakan Pemerintah ttg kenaikan BBM?. Wahai Angt.Dewan, fikirkanlah nasib rakyat &amp; Bertindaklah sbg Oposisi bagi Pemerintah !.
#DPRRIMusuhRakyat ?
DPR (Dewan Permusuhan Rakyat)
#DPRRIMusuhRakyat ?",negatif
"@eemail_ @Donny96332761 @susipudjiastuti Lha iyalah....aku demo ke DPR minta JOKOWI menjabat 10 tahun juga boleh dan bisa.
INDONESIA negara DEMOKRASI siapapun boleh mengeluarkan pendapatnya.
Kamu demo minta negara khilafah juga boleh ğŸ˜‚ğŸ˜‚ğŸ˜‚
Bu @susipudjiastuti  tolong @eemail_ diberi pencerahan.",negatif
"Munas APDESI bulan september 2021 pemil8han ketua sdgkan pk Arifin legalitas 1 agustus 2021. @DPR_RI pemilihan 2009 bisa dua kali pilih capres th 2009&amp; 2014 dg presidential threshold yg sama,apa langgar konstitusi
Cc @Fahrihamzah @msaid_didu @mohmahfudmd @jokowi @FaldoMaldini",negatif
@geloraco Apakah DPR memutuskan sesuatu itu tanpa kajian terlebih dulu ya ??,negatif
"@txtdarisukabumi @DPR_RI di perhatiin dong, jan maunya perhatiin dana aspirasi mulu.",negatif
@txtdrberseragam Tembak dpr aja,negatif
"Yang ngributin DPR ,yg suruh mundur dan turun siapa ğŸ˜ https://t.co/vdxheJ3oJH",negatif
@CNNIndonesia Keinginan dpr,negatif
"@TeddGus Apaan tuh, dipanggil DPR aja mangkir kok... ğŸ™„

Gak jentel blasğŸ˜",negatif
@jokowi plottwistnya dpr ngerubah konstitusi jadi 3 periode hilihh,negatif
"@chaesnutt94 @coklatswiit @tanyakanrl ""...untuk mengganti gorden di 505 unit RUMAH jabatan anggota DPR..."" ğŸ˜‚",Positif
"@liputan6dotcom @DPR_RI maaf kenapa jadi ngebebanin rakyatnya ya? lagi pandemi gini seharusnya lebih peka dong kita tuh lagi krisis perekonomian, bukannya diturunin semua harga sembako dll malah di naikin maunya apa? ga ush setuju aja apa susahnya sih kasian rakyat yg perekonomian nya keganggu",negatif
"gini dong ketua PSSI itu mantan pemain pro, jangan yg dipilih org militer lah, org dpr lah, pengusaha lah. ya ga maju2 sepakbola negara wakanda ini ğŸ¤£",negatif
"anggota dpr bisa menolak, kalau memang benar ada partai yang berpihak pada kepentingan rakyat, tentu pimpinannya akan perintahkan kadernya di DPR untuk menolak.

cc @PKSejahtera @PDemokrat @AgusYudhoyono @syaikhu_ahmad @hnurwahid",negatif
DPR nya kaya taik setuju2 aja pertamax jd 16 ribuâ€¦wakil rakyat apaan tuh ğŸ˜¡ğŸ˜¡ğŸ˜¡,negatif
"@__Sridiana_3va Apa bapack2 yg di DPR sana ga ada tersirat sedikit rasa malu y ketika berbaur di masyarakat terus tetiba di omongin ama warga,,apa masih ada y rasa malu mereka",negatif
"@sqmuad Gedung apa kak, ada request? Kalo aku sih gedung dpr, habis ganti gorden soalnya",negatif
"ğŸ˜‚ğŸ˜‚ğŸ˜‚ğŸ˜‚

DPR sudah mewakili rakyat, gordennya aja 90 juta ?? ğŸ˜±",negatif
"@mahasiswigenz @DPR_RI Positif aja , siapa tau itu gorden anti peluru dan tahan terhadap segala cuaca",negatif
"@xhsvhcbebzjabx @tanyakanrl Masalahnya pake duit rakyat, coba tu dpr iuran, ga masalah mau gorden berapapunğŸ˜‚",negatif
@tanyakanrl Ngbrolin Gorden? Kaga ada yg mau Tag DPR RI ?,negatif
"@nnmulchr @jokowi Wakil rakyat ya DPR bosss, bukan presiden",negatif
"@ABSetyono @kemkominfo Johnny Plate justru tidak sabar kapan Kominfo diundang Panitia Kerja (Panja) Komisi 1 DPR untuk diajak bicara sehingga Indonesia segera memiliki UU PDP.
@kemkominfo",Positif
"Kagum Degan Nyali_mu sobat

CC
@jokowi 
@dennysiregar 
@DPR_RI https://t.co/gsVGfcwvgx",negatif
"@CNNIndonesia Setelah sukses masuk DPR RI sekarang anak PKI boleh masuk menjadi prajurit TNI. 

Tinggal satu langkah lagi... menuju puncak tertinggi.",negatif
"@xhsvhcbebzjabx @tanyakanrl Maaf kak, maaf banget mau itu 15jt, 50jt ya silakan tapi yg untuk DPR itu kan bukan uang pribadinya yg dipake buat beli. Eh bener nggak sih?",negatif
"@OposisiCerdas Percuma manggil DPR . Kagak guna jg DPR . Kebanyakan jg konco2 jokowi di DPR . Sabar kt sampai 2024 . Wajib turun , kalau bisa besok lengser .",negatif
"@ABSetyono @kemkominfo Menkominfo Minta RUU PDP Tidak Digantung Panja Komisi 1 DPR
@kemkominfo",Positif
@AchsanulQosasi @satriohendri DPR periode ini adalah seburuk2nya DPR sepanjang masa. Bisa dibubarkan sj tdk pak?,negatif
@AchsanulQosasi @satriohendri DPR bloon ! https://t.co/Wer3JX6OAY,negatif
"@democrazymedia Yg berbahaya itu kader2 PKI,yg berkeliaran,ada yg jd legislator,itu yg hrs diberantas @gp_ansornu @Official_Ansor @YaqutCQoumas.PKI jelas2 organisasi terlarang sesuai TAP MPRS 1966,bertentangan dg Pancasila&amp;UUD 1945. @MPRRI @DPR_RI @DPDRI @MahkamahAgung @officialMKRI @fadlizon",negatif
"@ABSetyono @kemkominfo @PlateJohnny Masalahnya, Komisi I DPR seolah ogah-ogahan dalam menyikapi RUU 

@kemkominfo",Positif
"Di tengah sulitnya ekonomi rakyat yang terus mencekik karena berbagai kebutuhan pokok naik, para wakil rakyat justru sibuk ""mempercantik"" aksesoris Rumah Jabatan Anggota (RJA) DPR. Inikah tanda sense of crisis wakil rakyat telah sirna?
#Opini
https://t.co/ySLrSC8GwM https://t.co/XPd8V0mYSd",negatif
@iniMandaaa_ Padahal gorden bangau di oren murah ğŸ¤ŒğŸ»ğŸ¤§ğŸ¤£ manja kali dpr ni,negatif
Ngene loh yo dpr jek nemen e tuku gorden sampe rego miliaran,negatif
"Ditunda, Pelantikan Kahar Muzakir Jadi Pimpinan Komisi XI DPR https://t.co/szA9TRpTf2 https://t.co/Vj1fA29FzY",Positif
"@CoRumara @pertamina @basuki_btp @Menlu_RI @DPR_RI Ternyata sejarah hanya akan terus berulang dan Indonesia juga akan mendapat gilirannya..
Semoga kita bisa mencapai puncaknya sebelum menjadi reruntuhan kembali..
#StopPutin
#StandWithUkraine https://t.co/43TJNgueO6",negatif
@dpr_yian jangan lupa istirahat eaa,negatif
@KhhFess Dpr &amp; ash island,negatif
@DPR_Audia Hempaskan dan lupakan,negatif
@sanzurider nanti angkat ak jdi dpr yach,Positif
@Joyssparkle30 wkwk mending jd dpr aja ga si??,negatif
@detikcom Tumben DPR mikirin itu gue setuju kebetulan udah mati 2bulanğŸ¤£,negatif
"Alhamdulillah, Terima kasih untuk Ibu Bapak anggota Komisi I DPR RI atas perkenan dukungan, kepercayaan, dan kesempatannya, serta semua yang do'a dan dukung. Sangat berarti!

Menjadi Komisioner termuda diantara calon terpilih. Ini menjadi modal saya untuk tetap rendah hati  ğŸ™‚ğŸ™ğŸ» https://t.co/zV2sbJBNjH",Positif
@convomf TIKET DPR WE GANG GANG,negatif
"Beli Minyak Goreng&amp;Minyak Solar sj susah,koq disuruh urunan proyek IKN,pak @jokowi @Kiyai_MarufAmin?Pindah IKN bukan maunya Rakyat,tak ada Refferendum Rakyat utk Pindah IKN.Pindah IKN itu Keputusan Pemerintah,pemerintah lah yg hrs cari Dananya.@MPRRI @DPDRI @DPR_RI @officialMKRI",negatif
"@tanyakanrl Nantinya diharapkan DPR mampu menggunakan anggaran secara BIJAK DAN DEWASA sehingga tidak terjadi blunder ke masyarakat 
TErimakasih
*",negatif
"@RamliRizal Dan teman temannya.
Semoga tidur kalian nyenyak.
Jika pun Khabar ini benar,Tunggu mekanisme nya.
Bagaimana @DPR_RI menyikapi.
#Amandemen UU.

APDESI Bakal Deklarasi Dukung Jokowi 3 Periode Setelah Lebaran
Klik untuk baca: https://t.co/iG66Rz9Yoe",negatif
"@tanyakanrl Perlunya dilakukan kajian ulang mengenai kebutuhan primer,sekunder dan juga tambahan dalam DPR
Analisis kebutuhan ini ditujukan agar penggunaan anggaran yang notabenenya uang rakyat dapat termanfaatkan secara tepat guna",negatif
@AnasApriyadi @FT_IDN Berharap ke dpr? Wkwk,negatif
"@bpa_b4p @Bambang_Budimab @Hayuningrat7 Gw lahir d jaksel hidup dan besar d jaksel, umur kalian mungkin msh tk ktika orba berkuasa, jd balajar lg yg bnyak dik tentang gmna orba mendikte indonesia selama kurun 35 thn lbh, gw ngerasain dobrak gedung dpr, rpi gak perlu bkoar sm org yg kmampuan literasi sejarah bngsa nya -",negatif
"@killthedj @jokowi Apa bisa Presiden menyatakan stop manuver politik kepada para politisi? Apa tidak dianggap intervensi DPR dan MPR? 
Menurut saya Presiden tidak santai deh menanggapi isu ini. 

https://t.co/J4jU10Hwnh",negatif
"Ketua Umum Perbanas Kartika Wirjoatmodjo, Ketua Komtap Kadin Bidang Pengembangan Investasi Daerah Reza Maspaitella, dan Anggota Komisi XI FPKB DPR RI Ela Siti Nuryamah.

#InvestasiTumbuhIndonesiaMaju
#KementerianInvestasi",Positif
"dari hulu ke hilir.

Acara ini dihadiri pula oleh Ketua Fraksi PKB Cucun Ahmad Syamsurijal, Wakil Ketua Komisi XI DPR RI Fathan Subchi, Direktur Investasi Lembaga Pengelola Investasi (LPI) atau Indonesia Investment Authority (INA) Stefanus Ade Hadiwidjaja,",Positif
Menteri Investasi/Kepala BKPM @bahlillahadalia hadir sebagai pembicara kunci dalam diskusi publik yang diselenggarakan oleh Fraksi Partai Kebangkitan Bangsa (PKB) DPR RI di ruang Rapat Delegasi MPR-RI Nusantara V (30/3). https://t.co/L5qdgVevEe,Positif
"@KhhFess minsik, dpr live, ash!",negatif
"@CNNIndonesia Mirisnyaaa negriku, disaat keadaan sulit kayak gini, pemerintah dan DPR seenak jidat nghambur2in anggaran seolah gak punya empati akan naiknya harga. Alih2 diatasi masalahnya di birokrasi, eh malah disuruh maklumi dengan hal konyol seperti goreng tnpa minyak dan makan pisang ğŸ˜­",negatif
"@Lady_Zeebo ...IDI koar2 ""Dokter Terawan mangkir sewaktu kami panggil...etc...etc..."". Tapi giliran IDI dipanggil DPR, IDI sendiri MANGKIR....MALING TERIAK MALIIINNGG...!!!",negatif
@s4h4b4tl4m4 @jokowi @puanmaharani_ri @DPR_RI Babang Pino mmg gada lawanğŸ˜†,negatif
"@saaaaaaarrrrrr Dpr bbmnya dapet anggaran cuk ya wkwkk
Lah yang lain ga dipikir",Positif
"Gimana ini Pak, brutal sekali skenario...
@ListyoSigitP
@DPR_RI 
@PKSejahtera 
@PDemokrat",negatif
"@hnurwahid Bubarkan saja @PKSejahtera 
Koar koar di medsos.

Emang situ tak punya Gedung Parlemen.
Tolak di @DPR_RI
Kalau punya etika.",negatif
@PutraErlangga95 Yo KETNAP DPR BONGAK Tu,negatif
"@dayatia @bintangemon capek bahas dpr dok, kalo ga bikin emosi ya korupsi",negatif
wkwk dpr kaya di fakultasku sebutannyağŸ¥²,negatif
@liputan6dotcom Ikh goblog sia mah @DPR_RI ! Cing modarna katelem minyak kabeh,negatif
@dsongmyno Cek di web?,negatif
Tapi dpr live juga lagunya enak2 bgtt. Walau gue ga ngerti itu genrenya apa. Ya kata orang2 rnb. Gue tetep ga ngerti cuma gue suka aja. Hahahahahah,negatif
@JUNGWOO98FC Juwu gitu juga kah? Udah discrol2 tetep loading yang ayah,negatif
@detikcom Baru pertama kali gua setuju sama usul DPR kali ğŸ˜‚,negatif
@cippaww_ Olesin ke anggota dpr,Positif
"@xfmx_12 @ruliemaulana Pemahaman hukum, kalah oleh presiden/DPR yang ndableg. Tinggal buat UU baru.",negatif
Gue pas liat collabnya sama photoshop kek â€œjaws droppedâ€ gitu. Keren bgtttt!!!! Kalo ga percaya liat di ytb. Aku sukaaa. Terus dia juga bilang suka jadi producer mv gitu buat dpr. Kalo yg producer music kan biasanya dpr live yaaa nah dia bagian mv,negatif
@mahasiswigenz @DPR_RI Pake benang emas...,negatif
@hnurwahid pak sy tau tuh ujung2nya nanti dpr akan voting buat amandemen uu pemilu.klo udah voting pdip sebagai partai penguasa pasti menang.krn dia mayoritas.soo selamat menikmati aja...,negatif
@liputan6dotcom @DPR_RI BINATANG!!!!,negatif
"#TemanPemilih Selasa(29/03/2022) KPU Nagekeo mengikuti Rapat Koordinasi PAW anggota Dewan Perwakilan Rakyat (DPR) Kabupaten/Kota dari Partai Berkarya yang diselenggarakan oleh KPU Provinsi NTT melalui zoom meeting
#kpumelayani 
#kpunagekeo 
#pemiluserentak2024 https://t.co/RurjTJUjaH",Positif
Ganteng bgt gue harus menebarkan pesona kesayangan yg talented ini kesemua moots gue. Bukan cuma suara dan lagunya yg gue suka. Dia keren bgt kalo bikin video. Yes dia producer dan editor mv2 dpr gitu ğŸ¥¹ğŸ¥¹ğŸ¥¹ğŸ¥¹ğŸ¥¹ dia punya collab bareng photoshop dan dia bikin iklannya sendiri https://t.co/Ers4KSWCGt,negatif
"@BY0UNGGRL qn le pregunto, byounggon sube otro cover de dpr",negatif
"Gorden emas kali yg mo di beli ğŸ¤·, ini DPR ngewakilin rakyat yg mana sih sebenernya ğŸ¤¦.",negatif
"hmm baiqla, memang benar DPR wakanda tidak ada yang........

@uncleseptember
Katla 69 4/6

ğŸŸ¨â¬›ğŸŸ¨â¬›â¬›
â¬›â¬›â¬›â¬›â¬›
â¬›ğŸŸ©ğŸŸ¨ğŸŸ©â¬›
ğŸŸ©ğŸŸ©ğŸŸ©ğŸŸ©ğŸŸ©

https://t.co/GQSpWMNIKO",negatif
Baleg DPR: RUU TPKS Cerminan Peradaban Indonesia https://t.co/BnmLxfp2RH,Positif
@dpr_yian Kalo gak nemu berarti gak di calling ya oppa,negatif
"@detikcom Minyak goreng naik
Kedelai naik
Pertamax naik
Elpiji naik
Listrik naik
Pulsa naik
Sembako naik
Harta presiden naik
Harta menteri naik
Harta dpr naik
Harta hakim naik
Harta pejabat bumn naik
Harta taipan naik
Yg makin untung siapa?
Yg makin kaya siapa? 
Indonesia milik siapa?",negatif
@yunartowijaya samperin rumahnya luhut aja yuk atau ke kantornya daripada gedung DPR,negatif
"Per 1 April 2022, PT Pertamina (Persero) dikabarkan akan menaikkan harga BBM non subsidi Pertamax. Komisi VI DPR RI mendukung penyesuaian harga BBM  mengikuti harga keekonomian minyak dunia untuk menjamin kesehatan keuangan PT Pertamina (Persero), Senin (28/3). https://t.co/GsmxOT43Vt",Positif
@DPR_RI Masih tega beli gordiyn 90jt?,negatif
@KhhFess dpr live,negatif
@liputan6dotcom Dpr kontol,negatif
@dpr_yian Aaaaaah lucu nya~,negatif
"DPR jadwalkan rapat gabungan untuk bahas minyak goreng
https://t.co/QRyyoTk70M https://t.co/nhmCn4PhB7",Positif
Hari ini pagi2 dpr ian ngeigs hari gue langsung cerah secerah kehidupan gue selanjutnya. Sumpah ganteng bgt deh itu mas2 australi korea. Gantengnya baru keliatan pas jadi dpr pas sebelumnya kenapa ga keliatan sihhhhh???? https://t.co/JPrebUAuZM,negatif
"DPR Setujui Harga Pertamax Naik, Publik Ingatkan Puan Maharani Pernah Menangis saat Harga BBM Naik Era SBY

Ternyata air mata bu aya eh bu puan itu air mata drama ğŸ¤­
 https://t.co/i6Hq1YFEXb",negatif
"DJP, DPR dan Pemkab Pati Kompak Serukan Program PPS https://t.co/Dmba9vnrpN",Positif
kalo nct as a whole penontonnya ngalahin demo dpr ini mahğŸ˜­ğŸ˜­ğŸ˜­,negatif
"@dpr_yian Huhu iya ka, amen semoga cepet balik tampil lagi",negatif
Panja DPR Pertanyakan Jumlah Vaksin Halal Sangat Terbatas https://t.co/X2ZqOI4rXp,Positif
"@dpr_yian Terimakasih banyak, hyong. ğŸ‘",negatif
@pdrloz2202 Te amu,negatif
"Dalam program tersebut salah satunya dibahas tentang penggunaan barang impor dalam PBJP. Hadir dalam forum tersebut Deputi Bidang Pembiayaan KemenkopUKM Hanung Harimba Rachman, Anggota Komisi VI DPR RI Deddy Yevri Hanteru Sitorus dan Pengamat Ekonomi Faisal Basri.",Positif
Poke @Viviane_DPR #Franquerym,negatif
"@dpr_yian Emang gitu yah, nanti juga baik sendiri ğŸ‘",negatif
Udah bubarin aja itu DPR gak mewakilin rakyat,negatif
"@catchmeupid Waaww, per rumah +- 96 juta...
Nanti di akhirat, DPR diminta pertanggungjawaban atas apa yang dilakukannya terhadap uang rakyat dan kebijakan-kebijakannya...",negatif
"#. Abis update twt kok malah loading mulu kalo ke tl, mt, dm. Sinyal padahal fullo",negatif
@dpr_yian Sobat hyong jangan pelit pelit makan ya sama gua,negatif
@ygxlee Udah lumayan lama ada jung,negatif
"Lagi"" gerombolan poli_tikus busuk Senayan @mprgoid @DPR_RI hy bekerja sbg tukang stempel rezim pemerintahan acakadut &amp; zhalim @jokowi. Hadiah terindah sesdh harga migor meroket. Tukang hasut, kalbun @Dennysiregar7 khinzir @_ekokuntadhi pun sukses andil mencekik leher rakyat. Hmm. https://t.co/6r2f6DToeA",negatif
DPR..DEWAN PEMERAS RAKYAT..ANJING KALIAN...,negatif
"lucu anggaran pengaspalan jalan dan Anggaran ganti Gorden kok besaran ganti gorden. ğŸ˜‚ğŸ˜‚
#KomiKita @DPR_RI https://t.co/fx6tm31v5l",negatif
"@niko_kos96 @yunartowijaya Beda bos, LBP emang bisa apa kalau MPR DPR nolak",negatif
@dpr_yian LHO SEJAK KAPAN ADA P.O DI KIGJTYMMSNSHHAAVSBBSSHHSBQJWMZMZNSJSDN,negatif
Wah. Semangat wamilnya bro!,negatif
"@Om_HME @An_Kiim Betul bang. Bukan mau munafik, tapi demo 98 selalu ada yg ngantar makan entah dari siapa sehingga saya dan teman2 bisa bertahan di DPR 3 hari 3 malam. Mudah2an yg sekarang juga ada donatur buat konsumsi..",negatif
@thegreatcr7x @AmbisUCL @hidelove12 @caklazt @fungsionaris @Heraloebss @DPR_RI @jokowi @PBIDI Gak skip,negatif
"PPP Tolak Anggaran Gorden Rumah Jabatan DPR Rp. 48,7M: Tidak Urgen!

@DPP_PPP @acbaidowi 

#PartaiPPP
#FraksiPPP 
#partaipersatuanpembangunan https://t.co/ejLlT7WxO3",negatif
"@fikadewi_ @BlueJeans_Hitam @jokowi @puanmaharani_ri @DPR_RI Nah itu dia 
ğŸ˜‚ğŸ˜‚",negatif
@ash_bossss Kalo ketemu calling as,negatif
@BennyHarmanID Anda itu pawang politik...makanya anda masuk DPR,negatif
"@junqyeonn Masa iya?
Btw yeon nih kaya pernah saya liat dramanya, mukanya gak asing. Tapi lupa dimana",negatif
"DPR IAN aja yg berguna emang. 

Merespon ğŸ“ˆ",negatif
"@Hardian09022945 @jokowi @puanmaharani_ri @DPR_RI Loh,, emng nya loe sekarang lgi hidup senang berkecukupan?, Tnp merasakan migor mahal, BBM naik, petromax naik, sembako naik?",negatif
Tim Puslit Setjen DPR RI Kunjungi Lanud Hang Nadim https://t.co/dI5GiFdEq8,Positif
@dpr_yian Hahahaha ngga gitu ğŸ˜­ğŸ˜­ğŸ˜­,negatif
@dpr_yian Oppa punya nya apa?,negatif
@dpr_yian Lucu banget Lori ã…‹ã…‹ã…‹,negatif
@junqyeonn Keliatan sih. Yeon on terus :D,negatif
"@junqyeonn Kemahalan, gak punya duit yeon",negatif
"@dah_ribet_amat @arupha_00 @Getitrights @tanyakanrl Dah gais kalo ada yg punya modal lebih, coba buat usaha londry, khusus utk londry gorden2 dpr. Dijamin kembali kinclongğŸ‘ğŸ»ğŸ¤£",negatif
@jeyunsi Salam kenal juga jake,Positif
Emang udah sop nya DPR ya nyusahin rakyat?,negatif
"ANGGOTA Komisi VIII DPR RI Samsu Niang menilai persiapan keberangkatan jemaah haji tahun 1443 H/2022 M di Provinsi Kalimantan Timur sudah dilakukan cukup baik, dengan melakukan beberapa hal oleh pihak terkait.

Sumber: https://t.co/QYBR1QDTgc",Positif
@junqyeonn Namanya Lori https://t.co/PSTP5nBeMx,negatif
@dpr_yian Sampai saat ini belum ketemu jawabannya oppa,negatif
"@FT_IDN Kalau mau, revisi uu kewarganegaraan masuk prolegnas dpr sampai masa jabatan mereka 2024. Yg jelas gak bakal dibahas tahun ini, karena gak masuk prioritas dan belum ada kajiannya, malah kalah sama uu ikn cepetnya.
Saran saya suporter ada bikin naskah akademiknya utk naturalisasi",negatif
"@ash_bossss Kalo udah nemu, kasih tau ya as",negatif
@tanyakanrl lah dpr mau gordenin satu indo,negatif
@dpr_yian Siapa namanya oppa?,negatif
@dpr_yian Kan Yeon emang anak nya mommy Yoona ğŸ˜³ğŸ˜³,negatif
@dpr_yian Yeon semangat selalu,Positif
@tanyakanrl bener kata gusdur emang bubarin aja dpr,negatif
@dpr_yian Kok malah ngga jadi ğŸ˜”ğŸ˜”,negatif
@jieutnie Yang ituloh. Boleh sebut merk nih?,negatif
@aespwinteo Merem sambil ngunyah ğŸ˜€,negatif
@SlRDJEONS Nanti yang beli anak gadis semua gimana jek?,negatif
@SlRDJEONS @saeromses Sambil dirawat seperti malika,negatif
"@detikcom Kalo bebas biaya ntar alasannya terbebani pembuatan kartu SIM, mendingan kalo DPR  niat sungguhan usulkan aja buat seumur hidup,, kecuali kalo hilang / ganti rusak bisa jg d usulkan gratis.",negatif
@junqyeonn Mahal juga ya. Gak jadi beli deh,negatif
"Selisih Harga Solar Rp7.800/Liter, DPR: Negara Lihat Nasib Pertamina https://t.co/My2WWF4u4p",negatif
"""DPR RI bersama pemerintah dan penyelenggara pemilu telah menyepakati Pemilihan Umum 2024 digelar 14 Februari 2024."" -- Puan Maharani https://t.co/UkHLnDwRGw",Positif
"@jwheeeint Tersanjung bacanya wkwk. Saya ramal, sibuknya pasti masih lama..

No 10.. saya pernah salah ss dm, mau gibah malah di sent ke orang yg digibahin, malu sih. Wkwk
Lanjut lagi whee, no 21?",Positif
Tim Puslit Setjen DPR RI Kunjungi Lanud HangÂ Nadim https://t.co/TjlB0QSa3X,Positif
"@C1lukbaaa Dpr boleh bubar, rusia boleh perang, tp tupperware ibu jangan sampai hilang ğŸ¤¸",negatif
"@geloraco TUNGGU KEHANCURAN .. ALLAH TIDAK SUKA SESUATU YANG BERLEBIHAN @jokowi @wapres_ri mohon pak Wapres ingatkan pak Jokowi, akhir masa jabatannya penuh dgn Polemik. @mprgoid @DPDRI @DPR_RI @KemensetnegRI @setkabgoid @KSPgoid",negatif
