,Date,Tweet
0,2022-06-29 23:59:53+00:00,@C4kDeep_ Tahun main tik tok anak mudanya. 20 tahun kemudian mereka kena tik tok. Jika memilih diam melihat dpr sesuka hati buat uu
1,2022-06-29 23:59:01+00:00,@__Bungs @DPR_RI @mohmahfudmd @BEMUI_Official @BemsiOfficial  pada kemana lo semua?  Eh itu bisa ganggu kepentingan bohir ya ??
2,2022-06-29 23:58:40+00:00,"Demokrasi dibungkam, susah susah diperjuangkan jaman orba, sekarang mau balik lagi jalan orba..enak elu duduk di DPR hasil perjuangan mahasiswa/ reformasi..sekarang lu gak mau dikritik..Jan..k"
3,2022-06-29 23:58:03+00:00,"Ganja Medis Masuk DPR, Hari Ini Komis III Undang Pemohon dan Pakar Minta Masukan https://t.co/OEcUM89jaq https://t.co/8z7VcAhcqg"
4,2022-06-29 23:57:55+00:00,"TOP 3 Sports: Persik Kembalikan Trofeo Ronaldo, DPR Tolak Jordi Amat https://t.co/OBtpgCZWik"
5,2022-06-29 23:57:48+00:00,@adriansyahyasin Begitulah ujar Bapak DPR yang mendapatkan kendaraan dinas dan setiap berangkat selalu diiringi tett tettt kyuuuu
6,2022-06-29 23:56:56+00:00,@OnayRiano @__AnakKolong @DPR_RI @DKIJakarta Mau pulkam insya Alloh..Bru ketempat adk ntr
7,2022-06-29 23:55:52+00:00,@PartaiKremi @PejuangIndah90 @GunRomli Yang mengontrol pemerintah ya DPR sebagai mitra.
8,2022-06-29 23:54:24+00:00,"@adiiiinn @__AnakKolong @DPR_RI @DKIJakarta Hai ...
Selamat pagi mbak guru.
Smg sehat ya beserta keluarga

Liburan kemana aja mbak ?"
9,2022-06-29 23:54:04+00:00,"Wacana Kaji Legalisasi Ganja Medis, DPR: Perlu Asas Kehati-hatian dalam¬†Legalisasi https://t.co/4FsjjIHL25"
10,2022-06-29 23:52:00+00:00,"@geloraco DPR hilang marwahnya cm kang stempel pemerintah... 
DPR koalisi dengan pemerintah saja sudah aneh dengernya krn fungsi kontrolnya jadi mandul..."
11,2022-06-29 23:50:13+00:00,"@anisfauzan1 @DonAdam68 Tapi @pertamina mengendalikan penjualan bbm yg jadi hajat orang banyak. Para pejabat, @jokowi dan para anggota @DPR_RI @fadlizon @hincapandjaitan @JazuliJuwaini ngga butuh Pertalite"
12,2022-06-29 23:46:36+00:00,"@CNNIndonesia Beda fungsi sinterkelas dg juru damai, karakter dn sikap ini dahulu dipahami baru jalani misi damai.*wara-wiri_ukraina üáÆüá©
@jokowi @DPR_RI @mprgoid @PBIDI @Puspen_TNI @DivHumas_Polri @Cakra_Kostrad @Unair_Official @Kemlu_RI @univ_indonesia @UGMYogyakarta @iai"
13,2022-06-29 23:43:28+00:00,"Selamat pagi temen-temen, pagi ini yuk kita gaungkan tagar dibawah ini, terkait dgn pembahasan RKUHP di DPR yg draft nya belum juga di buka ke publik : 
#RezimTakutDi_Kritik
#RezimTakutDi_kritik"
14,2022-06-29 23:42:25+00:00,@panca66 DPR ga ada gunanya kalo bgini
15,2022-06-29 23:41:38+00:00,Rezim bobrok meh teu era teuing pasal penghinaan nu tadina jang presiden nepi ka DPR hungkul pas zaman SBY ayeuna di tambahan nepika camat RT RW
16,2022-06-29 23:40:05+00:00,@panca66 Kalian yg di DPR yang dagelan
17,2022-06-29 23:39:10+00:00,@idextratime ini rang dpr ngapain si? üòÇ
18,2022-06-29 23:38:45+00:00,"untuk @pertamina @DPR_RI dan pak @erickthohir 
lebih mudah mana mengontrol motor yg antre bensin atau memaksa minim Fortuner,Alphard, mercy, bmw ngisi pertamax?"
19,2022-06-29 23:37:54+00:00,"@__AnakKolong @DPR_RI @DKIJakarta Salah satu pendekar ...
di Sarang Penyamun üòú"
20,2022-06-29 23:37:39+00:00,@0xJULbigwin @__AnakKolong @DPR_RI @DKIJakarta Mkch mbaküôè‚ù§Ô∏è
21,2022-06-29 23:35:01+00:00,"Pasal 240 RKUHP 
Ancaman dipenjara Orang yang menghina Pemerintah, termasuk Polisi, BNN, DPR dan mengakibatkan kerusuhan 

====

Mereka nggak perlu dihina sebenarnya Kelakuan nya sudah Sangat Terhina 

#RezimTakutDi_Kritik
#RezimTakutDi_Kritik"
22,2022-06-29 23:34:01+00:00,"@tvOneNews Saat ada org Aceh bbrp th lalu minta diberikn lahan utk budidaya ganja n yakin devisa 20T/th tak ada londoireng n DPR yg peduli, saat ada kaum mrk yg merengek2 baru mulai beri prhatian! Hati2 bangsa Aceh, bila ganja dilglkn bisa2 yg olah n atur mlh londoireng, Aceh cm dpt seupil!"
23,2022-06-29 23:33:26+00:00,"Pengesahan pembentukan tiga provinsi baru di Papua akan tetap digelar dalam Rapat Paripurna DPR, hari ini. Konflik sosial berpotensi pecah antara kelompok masyarakat yang pro dan kontra pemekaran. #Polhuk #Kompas57

https://t.co/GLLYw7mpjr"
24,2022-06-29 23:33:26+00:00,"Presiden dan DPR, Buka Naskah Terbaru RKUHP ke Publik! - Tandatangani Petisi! https://t.co/kcenusz6To via @ChangeOrg_ID"
25,2022-06-29 23:31:37+00:00,"@__AnakKolong @DPR_RI @DKIJakarta Saya suka sosok Ahok.
Gayanya yg ceplas ceplos dan apa adanya menunjukkan klo dia tdk berhutang budi dan tdk makan dg disuap"
26,2022-06-29 23:30:36+00:00,"@OniRasyad @elisedya1 @KDroneHunter @firmanstosa @idenyaedi @cholilnafis Iya om. Sudah dari lubuk hati terdalamnya memang benci Pemerintah. Apa yg dilakukan Pemerintah yg baik ttp akan dinilai buruk.
Ada tambahan biaya haji 1.5T sj ributnya berbulan2 dan baru digetok DPR anggarannya bulan kemarin.
Ini nambah 10K jamaah, belum digetok dah lebaran haji"
27,2022-06-29 23:26:51+00:00,"@politikana Dah lah mending DPR pada tidur aja ,giliran bangun terus kerja ya kek gini üòÜ"
28,2022-06-29 23:25:44+00:00,DPR kalo berpendapat atau menyampaikan sesuatu atau ngide sesuatu pernah nanya rakyat dulu ga si?
29,2022-06-29 23:23:45+00:00,@msaid_didu Harusnya DPR yg merevisi dan merubah
30,2022-06-29 23:23:41+00:00,"Santi Warastuti, Ibu Pejuang Ganja Medis Untuk Anaknya Datangi¬†DPR https://t.co/IpAkqTSthH"
31,2022-06-29 23:23:39+00:00,"Santi Warastuti, Ibu Pejuang Ganja Medis Untuk Anaknya Datangi¬†DPR https://t.co/wlNWXR3fx2"
32,2022-06-29 23:23:17+00:00,@panca66 @zenold_AntiJoko Klo demo ga mau menyebabkan kemacetan ya pendemo nya disuruh masuk gedung DPR atau masuk istana jgn ditinggal kabur terus cuma demo masak yg ga macet
33,2022-06-29 23:22:37+00:00,@Fandom_ID DPR seharusnya membantu PSSI dan pelatih demi timnas bukan intervensi..pemain lokal kita tdk punya semangat juang demi bangsa dan negara...tlg DPR harus bantu dan hati2 tdk hrs ikut campur urusan pemain....
34,2022-06-29 23:22:24+00:00,"@myputun Apa yg bisa diperoleh dari puan ? Dak ada ide dan gagasan apa apa.  Bisanya hanya bisa matikan mic ketika sidang DPR, Selfi Selfi, mau jadi presiden, siapa yg pilih dia? Makanya dia sok solehah, supaya dpt suara santri"
35,2022-06-29 23:22:21+00:00,Emang kebalik mikirnya ini si anggota dpr. Kok bisa kepilih yak? ü§î
36,2022-06-29 23:21:19+00:00,"@Shintaeyong2 @iriawan84 @KEMENPORA_RI @DPR_RI semoga dapat memberikan keputusan terbaik.

@idextratime semoga anda dan netizen yang baik tapi sebagian rasis itu dapat berfikir dengan baik sebagai suporter demi kemajuan timnas."
37,2022-06-29 23:20:51+00:00,"@nuicemedia Udh paling bener mah DPR kerjanya tidur aja, soalnya tiap bikin kebijakan atau komen soal beginian ga akan pernah bener"
38,2022-06-29 23:20:31+00:00,"""Sah, Pemerintah dan DPR Sepakat Hapus Tenaga Honorer.""   

Tetap Dakwahkan Islam  
.üíØ. 

#bPina

 https://t.co/yYzTDRx1MN"
39,2022-06-29 23:19:08+00:00,@Fandom_ID Komisi DPR seharusnya tdk intervensi pemain naturalisasi ke PSSI maupun pelatih.....jordi amat juga punya hak garis keturunan untuk membela timnas kita..begitu kuatnya jordi amat ingin bela timnas dan memajukan sepak bola kita....biarkan jordi amat ke JDT demi timnas kita
40,2022-06-29 23:18:12+00:00,@Hasbil_Lbs @pertamina @DPR_RI Dah lama gak pake aplikasi ini..sering gak bisa scan..sampe diklakson2 dr blkg..jd malas..Ribet
41,2022-06-29 23:16:57+00:00,"@kemkominfo @DivHumas_Polri @DPR_RI saat ini #SANGE_AAAAAAAAAAH trending topic, fenomena ini tak bisa dihindari, bagaimana #hukum menyingkapi hal ini? Agar nyaman bagi semua. Cc @jokowi @MataNajwa @klinikhukum @PSHKIndonesia #psk #psk_virtual btw ang @DPR_RI ada suka nonton hehe"
42,2022-06-29 23:15:54+00:00,"@__AnakKolong @DPR_RI @DKIJakarta Melihat Ahok bukan dari 'Identitas'nya ... Bapak satu ini selalu menjadi 'musuh' anggota dewan 

* Nothing to Loose"
43,2022-06-29 23:15:35+00:00,4 Calon Hakim MA Terpilih yang Akan Disahkan di Paripurna DPR Pagi Ini #LengkapCepatBeritanya #BeritaTerkini #Berita #News #BeritaNasional . https://t.co/yvPJBHkHa4
44,2022-06-29 23:15:05+00:00,@PKSejahtera sebagaimana partai peserta pemilu 2019 lain yang memiliki wakil di DPR memenuhi legal standing untuk mengajukan JR ke MK untuk menghapuskan presidential threshold. Partai Peserta pemilu 2019 non parlementer juga bisa termasuk hapuskan parliementary threshold.
45,2022-06-29 23:14:20+00:00,Timbangane rame rame bahas Holywing mending kuwi lo kawalen DPR mu seng arep ngesahne UU RKUHP seng isine enek pasal bermasalah wilo üòÖ
46,2022-06-29 23:14:11+00:00,@addhi_nugroho @UpdateBolabola @DPR_RI Tolong copot itu Syaiful Huda dr jabatan dan keanggotaan @DPR_RI . Udah paling bener kerja kalian itu adalah Diem dan tidur di Gedung itu.
47,2022-06-29 23:13:58+00:00,"Presiden dan DPR, Buka Naskah Terbaru RKUHP ke Publik! - Tandatangani Petisi! https://t.co/4Rp9pJ46Y0 lewat @ChangeOrg_ID"
48,2022-06-29 23:13:25+00:00,"@__AnakKolong @DPR_RI @DKIJakarta Suka gayanya pak Ahoküëç

Pake pembuktian terbalik aja..

Buktikan bahwa hartamu itu jelas sumbernya"
49,2022-06-29 23:09:47+00:00,"@adriansyahyasin Bpk bpk dpr nih gw yakin ga pernah coba naik BST, gatau dia padahal mah sekarang BST dah enak berAC, gratis pula"
50,2022-06-29 23:09:38+00:00,"@maspiyuaja Kalo tujuananya AGAR TEPAT SASARAN cukup buat aturan mobil Max 100K motor 50 K ,, Pertashop di desa sediain Pertalite .. mereka lebih butuh Pertalite .. orang desa dipaksa beli Pertamax @pertamina @DPR_RI  @jokowi"
51,2022-06-29 23:09:16+00:00,"@sociotalker Lah, itu anggota dpr kok mikirnya mundur ya??
ü§î"
52,2022-06-29 23:08:49+00:00,@Jizel_dpr SAMAAA PLEASE AKU MAU MIMPI KAYAK TADI MALEM LAGI üò≠üò≠
53,2022-06-29 23:08:09+00:00,@Jizel_dpr bobo lagi
54,2022-06-29 23:07:33+00:00,"Delia Pratiwi Br. Sitepu, Anggota DPR RI Sosialisasi Program JKN di Langkat, Begini Tarif BPJS https://t.co/xgxyxlqQ9O"
55,2022-06-29 23:04:49+00:00,"@__AnakKolong @DPR_RI @DKIJakarta Keras tegas tapi benar .. Ahok
Kalem santuy blibet tapi ngibul .. Anis"
56,2022-06-29 23:04:10+00:00,Masalahnya tambahan quota itu kan tambah biaya...nah kmrn ngajuin ke DPR kan ditolak...kas kosong üòÅ
57,2022-06-29 23:03:07+00:00,"@panca66 Kalo gak mau terhina, jangan sembarangan ngurusi rakyat.
Karena gaji pejabat dan petugas abdi negara, itu dihasilkan dari keringat rakyat.
Gunakan akal dan nurani kalian..
Cc @DPR_RI"
58,2022-06-29 23:02:06+00:00,Komisi III DPR Sepakati Dua Nama Calon Hakim Agung dan Hakim Ad Hoc Tindak Pidana Korupsi Mahkamah Agung https://t.co/O8KvmWLqJf
59,2022-06-29 23:00:45+00:00,"gua aja dah jadi dpr, 
dpr ian yha https://t.co/1j8BaK2t6b"
60,2022-06-29 22:56:17+00:00,"8 tahun terakhir ini, 
Konsep Indonesia dlm keberangkatan Haji adalah Sedikit dikitnya atau Jika perlu, 
nggak usah ada yg beragkat dulu dg berbagai macam alasan, Kok Gitu?

Biar uang nya bisa dibpakai dulu utk yg lain..üò§

@DPR_RI 
@Kemenag_RI 
@jokowi 

https://t.co/6Wx0pPDl73"
61,2022-06-29 22:55:43+00:00,Panja DPR RI Undang Pakar Bahas Investasi Telkomsel ke GOTO - https://t.co/I7we0FUUqZ https://t.co/PT6cWg0GrU
62,2022-06-29 22:54:37+00:00,"Presiden dan DPR, Buka Naskah Terbaru RKUHP ke Publik! - Tandatangani Petisi! https://t.co/XKV83NpE9K lewat @ChangeOrg_ID"
63,2022-06-29 22:50:13+00:00,"@Abdulla3new @Darminto55Anto DPR sekarang pemuas nafsu oligarki dan  penguasa.
Mungkin bagus juga kalau DPR dibubarkan diganti  dengan para ahli yang sudah selesai dengan dirinya, bekerja secara sukarela untuk mengawasi jalannya pemerintahan."
64,2022-06-29 22:49:24+00:00,@Hasbil_Lbs @pertamina @DPR_RI Sy sering melihat petugas spbu yg cewek pada mainan hp
65,2022-06-29 22:48:57+00:00,@idextratime Gw takut aja kalau jdt tersinggung ulah netizen dikira klub ampas ...pakek DPR ikut nimbrung lagi kagak ngerti bola
66,2022-06-29 22:48:06+00:00,"Ohh jd gini ""teknis"" pengambilan data utk memberikan saran di DPR. 

Pantes berkualitas."
67,2022-06-29 22:47:27+00:00,"@Hasbil_Lbs @pertamina @DPR_RI My Pertamina kenapa hanya menerima pembayaran dari Link Aja ya, kenapa ga terima juga dari DANA, OVO, antar bank atau virtual bank juga gitu. Masalahnya saya daftar Link Aja selalu di tolak entah kenapa ga ngerti. @pertamina bikin pusing"
68,2022-06-29 22:47:23+00:00,"Apa salah nya Jordi ??? 
Kok ngasal banget punya pendapat, memangnya knp kl Jordi milih club JDT ??
Pantaskah sbg anggota DPR berkomentar spt itu ??"
69,2022-06-29 22:44:01+00:00,@JhonAbeng @DPR_RI @DPDRI bukti engga becus kerja
70,2022-06-29 22:43:31+00:00,"@ArieMutyara Jika ini benar berarti Pemerintah sudah Zholim dng Umat Islam karena menghambat Umat Islam untuk menjalankan ibadah wajib rukun Islam ke 5, ibadah Haji.
@DPR_RI @DPDRI harus ingatkan Pemerintah, jangan semena mena dengan kewajiban Umat."
71,2022-06-29 22:39:57+00:00,"@adriansyahyasin Anggt DPR bicara berdasar kacamata dia sendiri atau ketumnya...kalo dia pengusaha kend umum pasti mati2an bela kend umum. Kalo dia bagian dr mafia otomotive pasti disalahin tu program kendaraan umum...he e e 

DPR gitu looh....."
72,2022-06-29 22:35:34+00:00,Koar Netizen Usai Anggota DPR Tolak Naturalisasi Jordi Amat https://t.co/GABQccVx13
73,2022-06-29 22:33:25+00:00,"DPR belum memutuskan agenda rapat paripurna untuk mengesahkan RKUHP. Pemerintah juga masih menyempurnakan rumusan RKUHP yang telah disosialisasikan kepada masyarakat. #Polhuk #Kompas57

https://t.co/2wPtxQyeyo"
74,2022-06-29 22:33:23+00:00,TNI dan Polri ada masalah apa..ini main kokang Senjata @geloraco @DPR_RI  @jokowi
75,2022-06-29 22:32:49+00:00,"@Hasbil_Lbs @pertamina @DPR_RI hidup di negara ini makin ribet makin susah. beli minyak goreng dipersulit, beli minyak kendaraan dipersulit, ampun deh. Mesti pada do'a rame rame biar para pejabat segera ...."
76,2022-06-29 22:32:38+00:00,"Ayo penguasa/tokoh Parpol beragama Islam jangan diam saja ada yg melecehkan Nabi Muhammad Shalalahu Alaihi Wassalam.
Sunnah Subuh
Muhammadiyah
#SemuaBisaKena
@jokowi @Kiyai_MarufAmin @DPR_RI @DPDRI @LaNyallaMM1 @mohmahfudmd @Yusrilihza_Mhd @Puspen_TNI @DlVHUMASPOLRI @KejaksaanRI"
77,2022-06-29 22:29:48+00:00,@Hasbil_Lbs @pertamina @DPR_RI Tunggu ada yg terbakar dulu kali
78,2022-06-29 22:29:04+00:00,@cahyokvn @Hasbil_Lbs @pertamina @DPR_RI MASOOOK PAK EKO
79,2022-06-29 22:26:27+00:00,bahkan sampai merangkak-rangkak untuk bangun
80,2022-06-29 22:23:06+00:00,Panja DPR RI Undang Pakar Bahas Investasi Telkomsel ke GOTO https://t.co/VzIzUXzXPT
81,2022-06-29 22:22:05+00:00,"Baru Terpikir Bahwa Koalisi Parpol, Ini Prilaku Calo Tiket Bioskop. #calopresiden
@officialMKRI @mprgoid @DPR_RI @DPD_RI"
82,2022-06-29 22:20:35+00:00,"Menteri BUMN @erickthohir memberikan selamat kpd seluruh stakeholder Dirut, Direksi, DPR, Pemerintah yg sdh kerja keras. Selain itu jg dorongan dr masyarakat shg Garuda msh bs dipertahankan. Walau tdk mudah tp @IndonesiaGaruda akan ttp menjadi kebanggaan bangsa
#BangkitBersamaET https://t.co/rXnNKjbP4G"
83,2022-06-29 22:20:20+00:00,"@fafifu77 Beda pak, kalo fabiano pake hak dia, dia ga perlu lewat kemenpora dan dpr. Beda jalur. Ini si fabiano memakai jalur khusus bukan jalur biasa."
84,2022-06-29 22:19:52+00:00,Karena cuaca mendung hujan merata di Indonesia beberapa hari ini..@geloraco  Arab Saudi  Sabtu Idul Adha @DPR_RI  @fahiraidris
85,2022-06-29 22:16:53+00:00,@amankandunia wkwkw kurang apapi lagi dengan gaji dan tunjangan DPR RI? ü§™
86,2022-06-29 22:11:44+00:00,"@KompasTV Aneh ya kementrian kok ngebelain DPR, kan itu lembaga negara harusnya saling koreksi dan saling mengawasi"
87,2022-06-29 22:11:39+00:00,"@idextratime bapak yg terhormat yg mulia yg dipertuan agung anggota dpr yg katanya mewakili rakyat.....mohon hamba mau bertanya, tahu apa anda soal sepakbola? tau apa soal JDT?
akui saja, Jdt lebih baik dari tim2 yg ada di Indonesia bahkan setara tim2 besar thailand..."
88,2022-06-29 22:07:59+00:00,"@Rivaldiekas @politikana Kalau sebut Pemerintah kaga becus kerjanya termasuk, DPR jagonya cuman tidur doang, itu termasuk kategori menghina ga ?"
89,2022-06-29 22:02:05+00:00,"Penggunaan Smartphone Saat Isi BBM Pertalite dan Solar Subsidi, DPR : Jangan Sampai Masyarakat Sulit https://t.co/cyMrT6fEu6"
90,2022-06-29 21:59:27+00:00,"@adriansyahyasin Bus nyaman yg langsung dirasain rakyat jkt, nanti kalo dikurangin, rencana operasi bus dikurangin krna subsidi berkurang, gimana nasib org yg kerja, kuliah, mondar mandir naek tj anjir?? Bisa terlambat terus bodoh, udah macet krna anggota dpr naek kendaraan pribadi terus"
91,2022-06-29 21:57:35+00:00,"@adriansyahyasin Kita ga bisa voting ya, siapa siapa aja anggota dpr yg perlu dipecat sama rakyat langsung?
Opini 2 org ini bodoh bin tolol üò≠ sedih banget cuma krna mereka liat sepi, masa maen cut aja anggaran yg dirasain langsung utk rakyat, tj disubsidi gede juga langsung beli bus canggih"
92,2022-06-29 21:49:02+00:00,"@m_mirah @DivHumas_Polri Karena mereka adalah perangkat hukum negeri ini
*Musuh kalian itu politikus noh yg di dpr) yg wakil rakyat tapi gak merakyat"
93,2022-06-29 21:43:50+00:00,@keepithink_crab Sama presiden gak berani mengkritik apalagi sama DPR.
94,2022-06-29 21:40:55+00:00,"@DPR_RI ANJING 
MELANGGAR UU NGAK NIH...????
NGAK MAU DI PANGIL ANJING BERSIKAP DAN BERPIKIR LAH SEPERTI MANUSIA.."
95,2022-06-29 21:39:52+00:00,"Kan bukan @DPR_RI itu, atau kantornya, TAPI KANDANG AYAM!"
96,2022-06-29 21:38:25+00:00,"DPR: Masyarakat dan Aparat Hukum Harus Dipersiapkan dalam Pelaksanaan UU TPKS

 #Sindonews #BukanBeritaBiasa .https://t.co/GoDJPBpal1"
97,2022-06-29 21:34:42+00:00,@Roni03055665 Laknat bener dah tu anggota @DPR_RI ....duitnya kemana nyet...habis..?
98,2022-06-29 21:33:28+00:00,"Pembahasan substansi pasal- pasal serta Daftar Inventarisasi Masalah (DIM) saat ini tengah berproses di DPR.

@PlateJohnny
@kemkominfo https://t.co/dhinsjxSeO"
99,2022-06-29 21:30:47+00:00,@idextratime Disini tugas DPR cuman review dan hanya bjsa kasi saran aja ke pemerintah a.k.a Kemenpora. Jadi ya balik ke Menporanya.
100,2022-06-29 21:18:42+00:00,"@theblackmagican @IrmansyahAdhy Si LURAH ISTANA IBLIS sdh bilang waktu kampanye bhw bg dirinya tdk ada BEBAN ...yg punya beban adalah Rakyat keci skrg..
1. Pajak di naikin 
2. BBM di naikin
3. MIGOR di naikin
4. TDL di Naikin
5. BPJS di Naikin
6. Sembako Mahal 
@jokowi @DPR_RI @KSPgoid"
101,2022-06-29 21:13:30+00:00,"Cara Protes yang lumayan efektif, Saya kasih bintang satu, semoga di banned sama Google, karena penggunaan aplikasi ini menyulitkan masyarakat secara umum. 

kemungkinan yg bikin peraturan bermacam macam adalah DPR 
klo ada pilihan dpr jngan pd milih percuma makan gaji buta üôÉ https://t.co/BU280WmLTI"
102,2022-06-29 21:07:57+00:00,@politikana bagaimana kalau yg menghina Presiden itu adlh ketua DPR misalnya? atau anggota DPR memasukan RUU menggiring opini yg memancing kerusuhan? ini cuma misalnya lho ya..
103,2022-06-29 21:07:14+00:00,jam 4 pagi dpr we gang gangü§™ü§òüèºü§òüèºü§™ü§™ü§òüèºü§òüèºü§òüèº https://t.co/tfdgzwp7EY
104,2022-06-29 21:02:04+00:00,"Aksi Brutal KKB Tewaskan Pedagang di Depan GOR Aula DPR Kabupaten Deiyai
Stay Safe Jokowi https://t.co/1iM98hjQA7"
105,2022-06-29 21:01:41+00:00,"Aksi Brutal KKB Tewaskan Pedagang di Depan GOR Aula DPR Kabupaten Deiyai
Stay Safe Jokowi https://t.co/YCqQPquxL1"
106,2022-06-29 21:01:25+00:00,"Aksi Brutal KKB Tewaskan Pedagang di Depan GOR Aula DPR Kabupaten Deiyai
Stay Safe Jokowi https://t.co/vrXXSckW1e"
107,2022-06-29 20:55:06+00:00,"@AstonishingLie Mestinya Malu memang, DPR bukan Jubir pemerintah"
108,2022-06-29 20:48:14+00:00,Komisi II DPR RI dan pemerintah telah menyepakati RUU DOB Papua pada tingkat I. DOB Papua itu nantinya akan berpengaruh terhadap keberlangsungan Pemilu 2024. https://t.co/OqpoehvqJt
109,2022-06-29 20:41:39+00:00,"@tvOneNews Duitnya habisss... 
Mau minta persetujuan DPR lagi takut didamprat"
110,2022-06-29 20:37:19+00:00,Gaada celah pisan anyinggg.. Bisaan pemerentah jeung DPR na mah
111,2022-06-29 20:36:41+00:00,"@adriansyahyasin Daripada sepi, mendingan bapak2 DPR yang terhormat ke kantor naik transportasi umum, mobil dinasnya dikembalikan ke negara aja pak biar ga nambah2in macet"
112,2022-06-29 20:23:08+00:00,"@GilangHamidy Karena, ehm, yang milih ya gitu...... Gimana gak masuk DPR lha wong pendekatan ke akar rumput mudah diterima?"
113,2022-06-29 20:18:06+00:00,DPR WE GANG GANG
114,2022-06-29 20:09:28+00:00,@Hasbil_Lbs @pertamina @DPR_RI yg nyetus ide gila ini siapa?ahok?luhut?
115,2022-06-29 20:07:15+00:00,@hyang_wisnu @kemkominfo @jokowi Pdmbahasan substansi pasal- pasal serta Daftar Inventarisasi Masalah (DIM) saat ini tengah berproses di DPR. @kemkominfo @PlateJohnny
116,2022-06-29 20:06:39+00:00,"@shazzazz1 @zobaida_jalal @dpr_gob @SNGPLofficial @MediaCellBNP_ @NPQuetta_ Iran nazdeek thir enth sha sui ha. Bijli ho bs, hum chori kar ke heater bi chala lain gy."
117,2022-06-29 20:06:33+00:00,"Sebelumnya, Pembahasan RUU PDP juga sempat alami kebuntuan karena negosiasi alot antara DPR dan @kemkominfo"
118,2022-06-29 20:06:24+00:00,@adriansyahyasin ANGGOTA DPR RI GOBLOK.....
119,2022-06-29 20:03:57+00:00,@adriansyahyasin ANGGOTA DPR RI GUOBLOKKK.....TOLOL.....
120,2022-06-29 19:52:57+00:00,"@lildawgggg @mhmdfdy @politikana tetep aja masuknya membatasi kebebasan berpendapat, jd gabisa ngetik DPR KONT*L, disaat netizen udah muak dengan satu persatu bukti kebusukan DPR tiap tahunnya. Contoh : ""Salah satu anggota DPR, terlihat menyetel video p*rno diam-diam , saat rapat."" Haha."
121,2022-06-29 19:50:41+00:00,"@ARIFILIZER O, tujuannya utk tepat sasaran y? Contoh kasusnya spt ap tuh, @pertamina @DPR_RI ?"
122,2022-06-29 19:46:55+00:00,"ü§£ü§£ü§£
Rupiah ternyata tidak berdaulat.
SUN standarnya tetap dollar &amp; pemilik dollar. 
Kenapa tidak menerbitkan SUN gotong royong dengan nilai Rupiah? 
@DPR_RI @DPDRI @mprgoid 
@jokowi"
123,2022-06-29 19:40:53+00:00,"Judul humor :
""Mata uang adalah alat pembayaran yang sah bukan tujuan. Covid19 menyadari akan pentingnya sistem kesehatan nasional. Krisis pangan &amp; energi menyadari bahwa petani &amp; petugas pengeboran pekerjaan yang seharusnya bergaji tinggi.""
@mprgoid @DPR_RI
 @DPDRI
#humorpublik"
124,2022-06-29 19:40:50+00:00,"@Syricide @Bigfive16 Is that American mercenary facing criminal charges in DPR, LPR or Russia?"
125,2022-06-29 19:38:25+00:00,@ian__dpr Tentu akan gw curi
126,2022-06-29 19:31:19+00:00,@TAERIYAKll Jangan dicuri
127,2022-06-29 19:30:50+00:00,@ian__dpr Ava lu bagus ngab.
128,2022-06-29 19:30:44+00:00,@shazzazz1 @zobaida_jalal @dpr_gob @SNGPLofficial @MediaCellBNP_ @NPQuetta_ Awal bijli pa thaam bedanth.
129,2022-06-29 19:28:25+00:00,jadi dpr
130,2022-06-29 19:26:27+00:00,orang yang berdiri tegak saat ini adalah orang yg pernah merasakan sakitnya jatuh
131,2022-06-29 19:25:15+00:00,"Yaa yang diubah pola pikirnya dong pak anggota DPR yang duitnya buat taruhan tinju Hollywings...., yang dibatasi tuh bukan anggarannya tapi batasi produksi serta konsumsi kendaraan motor dan mobil, ruas jalan ga bertambah eh kok mobil motor makin bertambah ya tambah macet lah."
132,2022-06-29 19:22:04+00:00,@GOAL_ID Anggota DPR itu mungkin gak dapat jatah uang makanya ngotot.
133,2022-06-29 19:21:57+00:00,"Anggota Komisi VI DPR: Investasi Telkomsel ke GOTO Menguntungkan, Harus¬†Didukung https://t.co/T2qndgvSVw"
134,2022-06-29 19:21:27+00:00,@jaehyeoc Timunnya sexy nih mhh~
135,2022-06-29 19:20:54+00:00,"Para pejabat pemerintah, anggota DPR RI dan orang kaya naik haji pake jalur khusus yang konon per orang bisa kena biaya 500jt.

Ironisnya, banyak dari mereka melakukan haji berulang (lebih dari sekali). Hebat memang orang Indonesia kalo urusan ibadah haji tapi minus empati."
136,2022-06-29 19:19:34+00:00,Komisi I DPR Dorong Program Digitalisasi Administrasi Kependudukan https://t.co/wtgnuZb6pP
137,2022-06-29 19:16:03+00:00,"@CNNIndonesia Nuwunsewu izin bertanya Pak @jokowi kita kan pny @KementerianESDM tugasnya sbg regulator kan Pak, sdgkan @pertamina bkn regulator kok ikut bikin aturan dasar hukumnya apa ya Pak? Cc @SBYudhoyono @fadlizon @RamliRizal @DPR_RI  @OmbudsmanRI137 @JimlyAs @mohmahfudmd @zainalamochtar"
138,2022-06-29 19:11:46+00:00,"Peran ketua komisi 10 DPR apaan sih di dunia sepak bola selain bikin spanduk juara yang mukanya lebih gede daripada pemain timnas 

Wkwkwkwk

#semuabisakena"
139,2022-06-29 19:10:47+00:00,Komisi III DPR Tetapkan Calon Hakim Agung dan Hakim Ad Hoc MA   https://t.co/FL1o00V5IW
140,2022-06-29 19:08:25+00:00,@shazzazz1 @zobaida_jalal @dpr_gob @SNGPLofficial @MediaCellBNP_ @NPQuetta_ Mara bijly shary sra beda   klam beja  kosht garma .... üåù
141,2022-06-29 19:07:08+00:00,@stobsjr Mjb setauku klo dri berita ya knp ke MUI tuh buat langkah pertama misal nanti jadi dilegalkan. Nah saat ini katanya sih tim DPR lg riset buat manfaat ganja di bidang medis itu sendiri. Jd pas udh legal scr hukum negara tuh g bkl lg ada debat tentang halal haramnya. Cmiiw
142,2022-06-29 19:04:24+00:00,@hyang_wisnu @kemkominfo @jokowi saat ini pembahasan RUU PDP sudah bergerak ke arah yang positif baik dari pihak Dewan Perwakilan Rakyat (DPR) maupun dari pihak Pemerintah. @kemkominfo @PlateJohnny
143,2022-06-29 19:03:41+00:00,DPR Tetapkan Nama Calon Hakim Agung dan Hakim Ad¬†Hoc https://t.co/prKfxCxZ4L
144,2022-06-29 19:03:07+00:00,DPR Tetapkan Nama Calon Hakim Agung dan Hakim Ad¬†Hoc https://t.co/MrzkaatQZO
145,2022-06-29 19:02:48+00:00,DPR Tetapkan Nama Calon Hakim Agung dan Hakim Ad¬†Hoc https://t.co/TJZE6Wvawe
146,2022-06-29 18:58:40+00:00,"@Official_KFear @ArnoldBelau Kayakya dpr kita sama mentri kesehatan harus wajibin ambulan gratis deh mau itu melahirkan,igd/ugd, atau pasien yg meningal. Pasti walopun mereka udah ga menjabat bakal dikenang sebagai pahalawan beneran yg merjuangin hak rakyat"
147,2022-06-29 18:56:49+00:00,@Dennysiregar7 lumayan wajah di perban wajah. dr pada di dpn DPR RI dpn rumah rakyat... udh wajah hancur.... clana ilang.... sampai sayembara lg.... hahahahaha... apa yg temu clana sudah dpt 50jt.... jgn2 .......
148,2022-06-29 18:55:14+00:00,Komisi I DPR Dorong Program Digitalisasi Administrasi Kependudukan https://t.co/8jk8eQfBkb
149,2022-06-29 18:54:58+00:00,@AntonnBnj1 @Mdy_Asmara1701 @psi_id @PDI_Perjuangan @bpkri @KPK_RI @KejaksaanRI @jokowi Ranah Presiden bersama DPR
150,2022-06-29 18:51:36+00:00,@interisti2001 @RadityoDharmaP @dinopattidjalal @jokowi Ngebom gimana wong ga semua bagian Donetsk &amp; Luhansk dikuasai sama LPR &amp; DPR.
151,2022-06-29 18:44:54+00:00,ga habis pikir anggota DPR TERCINTA bisa kehasut sama akun akun gakjelas üòÇüòÇ
152,2022-06-29 18:44:45+00:00,"@faridhnet @ArsyakaRosyid @KanaWelsh @iam_rahmatt @Hasbil_Lbs @pertamina @DPR_RI Duit endapannya duit endapannya, di tunggu di tunggu, di bikin ke Digital Semua, biar jualan hp laku, kuota internet laku, ngisi saldo Link Aja, udah 2.500, kalau beli gocap, pasti 52.500.

Makin gila"
153,2022-06-29 18:44:44+00:00,@RagilSemar @four_kartika Yg parah itu ketika DPR malah jadi media center pemerintah. Itu dpr wakil siapa sebenarnya?
154,2022-06-29 18:44:33+00:00,@geloraco Ayo.kandangin mahasiswa bu ketua dpr ri nkri negara hukum jgn hukum nkri dibiat pajangan semata masa dg klah mahasiswa kacangan kandangin coba provokatornya bsa apa biar rsain dlu kyak di rusia rrc korut turky dll mahasiswa kacangan smakin brutal klakuannya jrat dg hukum nkriüôèüèºüòá
155,2022-06-29 18:44:18+00:00,"@GunRomli emang ada larangan lapor ke jokowi,.. trus lapor kemana.. ke ade armando... clana aja ilang dpn DPR... gmn urus covid hahaha...yg ada makin parah... hahahaha... gun gun.... tdur gun....."
156,2022-06-29 18:39:21+00:00,DPR KONTOOLLL
157,2022-06-29 18:38:24+00:00,@detikcom akal2'an DPR.. otak'nya ada di DPR yg bikin peraturan2 dan Undang2
158,2022-06-29 18:36:39+00:00,@cahyokvn @Hasbil_Lbs @pertamina @DPR_RI Pinter banget nyari duit endapan
159,2022-06-29 18:33:43+00:00,"@tvOneNews Uang setoran udah habiz makanya tdk diambil kuota tambahan,lh yg thn ini aja semerawut kok penyelenggaraan haji kabarnya kemenag kekuranhan dana Rp23 jt/org krn salah hitung biaya haji maknya mtk ke DPR malh kena omel jd drpd lbh kethuan boroknya maka ditolak"
160,2022-06-29 18:30:01+00:00,DPR dikabarkan meminta pemerintah membentuk satgas untuk memantau para pekerja migran. #DPR https://t.co/XEQFbpBjzP
161,2022-06-29 18:26:31+00:00,"@readingbonbon09 HHAHAHAHHAHAHHAHAHHAHAH GAGI BAKIT ANG KYOT, PASADO NA DAW SI MAKOY BEBS"
162,2022-06-29 18:26:29+00:00,"@politikana kalo sampe ke pak rt kyknya nggak deh, lembaga negara yang dimaksud dalam pasal 353 adalah DPR, DPRD, polisi, jaksa, gubernur, atau 
bupati/walikota. CMIIW https://t.co/kmi8xi7oSG"
163,2022-06-29 18:24:47+00:00,"@fahiraidris @DPR_RI @DPDRI @pikiran_rakyat @_TNIAL_ Hidup ini sdh keras spt batu bronjong di bundaran HI, jgn tambahi dgn minuman keras lg y bu"
164,2022-06-29 18:22:10+00:00,"@idntimes @myXL @XLAxiata_Tbk Klau bli BBM pakai aplikasi mypertamina, klau gak punya hp, or gak punya hp smart, or gak punya kuota internet gmn, @pertamina @DPR_RI ?"
165,2022-06-29 18:21:15+00:00,"DPR Semprot Pertamina Soal Syarat Pertalite Pakai Aplikasi MyPertamina: Tidak Semua Rakyat Punya Smartphone!

https://t.co/BJdo90yX1J"
166,2022-06-29 18:20:47+00:00,"More attention please!!

.Presiden dan DPR, Buka Naskah Terbaru RKUHP ke Publik! - Tandatangani Petisi! https://t.co/87mbXpx3YB via @ChangeOrg_ID"
167,2022-06-29 18:20:17+00:00,@xyzjuchae @mevantaeby @AREAJULID Emg parah negeri ini. DPR fungsinya buat apa sih. 22 Juli rkhup tentang menghina pejabat kalo disahkan fiks kita kembali ke orde Baru. Hati hati kita hujat pak pol ini kita kena pidana. Rusak akal sehat negeri kita. Demokrasi jalan pintas oligarki semakin mulussss. Mantap pak JKW
168,2022-06-29 18:19:52+00:00,@Sport77Official Wkwkwk gue rasa itu dpr juga gapernah nonton timnas jabanan ama gue wkwk
169,2022-06-29 18:19:26+00:00,@UpdateBolabola Anggota DPR biasalaah...cari muka
170,2022-06-29 18:09:06+00:00,@buduamit Rapat dpr sih
171,2022-06-29 18:08:24+00:00,"@SBunthel @aan__ Sebetulnya gaperlu dipermasalahkan mana yang duluan, saat ini keduanya secara parallel diupayakan. Cuma kebetulan pak Maruf kan punya relasi dekat dengan MUI jadi lebih di highlight media, sementara proses UU sudah bergulir wacananya di DPR"
172,2022-06-29 18:06:05+00:00,@CilokaMan @idextratime anggota DPR
173,2022-06-29 17:58:54+00:00,"DPR Sebut Konyol &amp; Akan Audit Program Subsidi Buy The Service - https://t.co/IUSNo621tG 

#IDCORNER"
174,2022-06-29 17:58:43+00:00,"@Hasbil_Lbs @maspiyuaja @pertamina @DPR_RI Sepertinya lebih efektif pakai kartu daripada pakai aplikasi, tingal tempel udah, kalau pakai hp di scan berarti selama ini apa, kadang suka ngak enak pas bawa sewa pakai mobil nyuruh orang ngak main hp saat ngisi minyak, tapi ya kita lihatlah nanti, ribet lah"
175,2022-06-29 17:57:23+00:00,@MrsRachelIn @TintinSetiadi04 PAD Kota bpp tidak sampai 1 T. Ini masih saudara sama bupati penajam. Ada juga saudaranya yg di DPR RI. Dari partai golkar. Ada juga saudaranya jadi unsur pimpinan DPRD TK1. Kalimantan timur
176,2022-06-29 17:57:22+00:00,@fahiraidris @DPR_RI @DPDRI @pikiran_rakyat @_TNIAL_ Mungkin ini masih semacam uji kelayakan nilainya masih relatif kecil. Bisa jadi akan ada planning susulan yang mungkin saja taknterdeteksi. Ibarat melempar 10 lembing yang tetangkap beberapa lrmbing.
177,2022-06-29 17:54:14+00:00,DPR WE GANG GANG ü´¶ https://t.co/sxq7CwHL9r
178,2022-06-29 17:51:30+00:00,DPR CREAM via Instagram https://t.co/BT3a2UTdS4
179,2022-06-29 17:51:17+00:00,Anggota dpr disogok swasta leasing motor kali ni ya. Bikin opini pesanan tapi jelek dan kentara. üí©
180,2022-06-29 17:50:17+00:00,@Quillonwa dpr we gang gang Ÿ©(‚ó¶`Íí≥¬¥‚ó¶)€∂
181,2022-06-29 17:49:32+00:00,@nyingspo dpr live &lt;3
182,2022-06-29 17:45:25+00:00,Semoga bapak dpr bisa lebih fokus memperhatikan hal2 yang belum maksimal ini dan menge-push PSSI atau pihak2 terkait mengenai hal tersebut daripada terfokus mengenai kasus Amat ini. Lagipula rasanya STY paham akan kebutuhan timnya saat ini.
183,2022-06-29 17:45:18+00:00,dope lovers dpr ian
184,2022-06-29 17:44:52+00:00,martini blue dpr live
185,2022-06-29 17:41:22+00:00,"Oposisi tidak punya kekuatan di DPR kah ?
https://t.co/qPuHXaZe7F"
186,2022-06-29 17:38:54+00:00,"trendingannya popo isinya cewe pd open bo üòî

apkh ak hrs join biar dpr wang?"
187,2022-06-29 17:38:32+00:00,Aggota DPR RI Dedi Mulyadi: Sri Mulyani Keliru Cara Menilai Potensi Kehutanan https://t.co/wvgLFzh9Ta
188,2022-06-29 17:37:55+00:00,"273 itu paling aneh, lo mo demo di mana anjg? Stadion bola? Kalo boleh demo dalem gedung dpr aja anjg"
189,2022-06-29 17:37:55+00:00,"@Hasbil_Lbs @pertamina @DPR_RI Biang keribetan dari pemerintah, gimana kalo pemerintahnya segera diganti saja, mungkin gaka akan ribet"
190,2022-06-29 17:34:32+00:00,"@adriansyahyasin Sekarang nyalahin anggota DPR, salahin juga diri kita sendiri kenapa masih berpartisipasi di pemilu. Boikot 1 pemilu, desak presiden baru untuk dekret. Rakyat kompak. Baru deh"
191,2022-06-29 17:33:21+00:00,"Komisi III DPR meloloskan dua hakim agung dan dua hakim ‚Äùad hoc‚Äù tindak pidana korupsi seusai uji kelayakan dan kepatutam. Meski demikian, Wakil Ketua Komisi III Adies Kadir mengatakan, jumlah hakim masih kurang. #Polhuk #Kompas57

https://t.co/Z8NQwWKKwO"
192,2022-06-29 17:32:25+00:00,@Mdy_Asmara1701 Emang @psi_id dukungannya punya pengaruh? berapa persen di DPR? budaya malu seharusnya dimiliki politisi agar menjadi rambu dalam bersikap dan maju bangsa ini
193,2022-06-29 17:30:16+00:00,Sekelas DPR tidak mampu berpikir sistematis ya ternyata üòå
194,2022-06-29 17:30:02+00:00,"DPR secara tegas menolak naturalisasi Jordi Amat dan memberikan tantangan kepada pelatih Timnas Indonesia, Shin Tae Yong. #JordiAmat https://t.co/NHwEpq6qRI"
195,2022-06-29 17:29:23+00:00,@arthuravisa ini dpr drmn
196,2022-06-29 17:29:10+00:00,sekelas dpr ngasih statement cuman dari pengamatan dia sendiri nggapake data hahahah
197,2022-06-29 17:27:39+00:00,"Berkunjung Ke Desa Cinta Jaya OKI, Anggota DPR RI Hanna Gayatri Serap Aspirasi¬†Warga https://t.co/7PT160AmQb"
198,2022-06-29 17:25:06+00:00,coba sebutkan 1 anggota dpr yang gak korupsi
199,2022-06-29 17:23:35+00:00,"H - 4  Suksesi Aceh
Ngeri ahh
Aceh ini Bung  üôèüôàüôè

@alisyarief   @niriansyah @ReflyHZ @nasirjamil_DPR  @serambinews @AcehMpu @Aceh @CutSarina5  @SBYudhoyono @AgusYudhoyono  @rockygerung_rg @karniilyasclub https://t.co/RGPgo6hoXN"
200,2022-06-29 17:23:22+00:00,"Kenapa gak dari dulu yah. Pernah nonton film dokumenter Atas Nama Daun.
disitu juga menceritakan hal yang sama.

DPR RI Akan Bahas Legalisasi Ganja Untuk Medis, Maruf Amin Perintahkan MUI Buat Fatwa
https://t.co/utIVTFfc3H"
201,2022-06-29 17:21:19+00:00,@blank0429 @officialMKRI @DPR_RI @PDI_Perjuangan @Gerindra @golkar_id @DPP_PKB @NasDem @UN @UNHumanRights Keren ini ulasan pertanyaan mematikan...harusnya sdh gk da argumen tandingan...harus iya bener ini substansi masalahnya...
202,2022-06-29 17:18:27+00:00,Cemen bgt dpr skrg mke kuhp
203,2022-06-29 17:18:11+00:00,Batalkan naturalisasi jordy amat karna niatnya cuman dpetin paspor indo n memperkaya diri sendiri dan agenya bukan tulus mau membela timnasü•± #AmatKecewa @PSSI @DPR_RI
204,2022-06-29 17:18:11+00:00,"@Sport77Official kalo dpr ngga setuju artinya kita harus setuju, karena pemikiran dpr itu kebalik"
205,2022-06-29 17:18:00+00:00,"1,9 KM dari rumah tapi pilihan prioritas 3 semua. Masih 1 satu kelurahan pula. Luar biasa @PPDBDKI1 !!, Jadi tergeser karena umur. Tolong ditinjau dong Komisi X yang terhormat @DPR_RI , Sudah bertahun tahun bikin kecewa banyak orang. https://t.co/dkupd5dgx7"
206,2022-06-29 17:17:34+00:00,Harus Ada Fraksi Otsus di DPR RI https://t.co/PkInFUsZ5z
207,2022-06-29 17:16:31+00:00,@BujangWiryaatm1 @SilumanIstana @Dublin2Eric DPR? Masih berharap sm Dewan Perwakilan Rezim?
208,2022-06-29 17:15:42+00:00,"@maspiyuaja Karena ada aturan yg di sah kan di DPR hari ini, tentang penghinaan kepada pejabat negara"
209,2022-06-29 17:14:42+00:00,@koyanaggi dpr kiss me
210,2022-06-29 17:11:50+00:00,"Sepakat..., tapi yg aneh itu urusannya kenapa ke MUI, bukannya ke Medis untuk penelitiannya dan DPR untuk legalitasnya."
211,2022-06-29 17:10:26+00:00,"Kongkow bareng Pangeran Yogya KPH Yudhonegoro, Mas Eko Iswantoro KPU RI dan Udongah @khairul_muhtar (Anggota DPR Pengganti bang @zul.hasan) di So Thai Plaza Indonesia.
#okinggandamiharja #temanoking @ So Thai Jakarta https://t.co/VXdd6k31qz"
212,2022-06-29 17:10:19+00:00,Panja BUMN DPR RI Dalami Investasi Telkomsel Ke GoTo   https://t.co/AH65IWV5Pm
213,2022-06-29 17:10:03+00:00,"Udah begini, nambah DPR nya bilang transportasi umum ga berdampak signifikan. Minta dialihkan subsidinya. Mau ngemaki tapi NKRI harga mati"
214,2022-06-29 17:07:58+00:00,"DPR Dukung Pembelian Pertalite Pakai Aplikasi, Ini Alasannya

https://t.co/64k7lxFCMb"
215,2022-06-29 17:05:08+00:00,"@politikana Perlu ada transparansi dr pihak pemerintah ,dpr, dan semua pihak yg berkaitan dengan RKUHP yg lagi di godok, kepada masyarakat luas agar RKUHP, ini kedepan tsk menimbulkan salah persepsi di masyarakat luas, dan mengundang keributan baru ."
216,2022-06-29 17:04:42+00:00,"DPR mana DPR, gak guna kalian.. Rakyat makin susah.."
217,2022-06-29 17:01:22+00:00,DPR WE GANG GANG https://t.co/Z3lWTVECly
218,2022-06-29 16:59:20+00:00,@DPR_RI MERDEKA https://t.co/Bu83Itd6RX
219,2022-06-29 16:58:46+00:00,"Bakat aku, aku sabar liat dpr cuman masukin kritik saran buat ruukuhp yang baru ‚úäüòî"
220,2022-06-29 16:58:34+00:00,@__Bungs @DPR_RI @mohmahfudmd Sarang koruptor tuh kayaknya?! üòÇ
221,2022-06-29 16:58:03+00:00,Kalo lagi denger Midle-nya Danilla jadi inget Jasmine-nya DPR Live
222,2022-06-29 16:56:35+00:00,"@ian__dpr Dare akan selesai pada hari Kamis, 23.46‚úÖ"
223,2022-06-29 16:56:16+00:00,@TIFOSIBola @idextratime Yah kan naturalisasi harus persetujuan DPR.. Wkkwkwm tolak amat
224,2022-06-29 16:56:06+00:00,Bos Indosurya Henry Surya Cs Dibebaskan dari Tahanan PAPD DPR Panggil Kabareskrim https://t.co/5ZAvqxiodT
225,2022-06-29 16:53:12+00:00,Komisi III DPR Resmi Setujui 1 Nama Calon Hakim Agung TUN Khusus Pajak https://t.co/WkNc78CqWS
226,2022-06-29 16:52:01+00:00,DPR Setujui 4 Calon Hakim Agung-Ad Hoc Tipikor MA Dibawa ke Paripurna https://t.co/Y0kDZ6KZ9y
227,2022-06-29 16:50:34+00:00,@Sport77Official Anggota DPR bikin gaduh
228,2022-06-29 16:49:31+00:00,@rvirenevs ?? Timunnya tebel loh mas mmh~
229,2022-06-29 16:49:03+00:00,@ian__dpr Km slh sambung. Ak cwk üòî
230,2022-06-29 16:48:35+00:00,"Fuck me

Timunnya tebel loh mas mmh~"
231,2022-06-29 16:48:28+00:00,@idextratime Masih percaya omongan anggota DPR yg gak ngerti bola?
232,2022-06-29 16:48:26+00:00,DPR Setujui 4 Calon Hakim Agung-Ad Hoc Tipikor MA Dibawa ke¬†Paripurna https://t.co/cvwtT3rnGT
233,2022-06-29 16:47:32+00:00,Komisi I DPR Ajak Anak Muda Jadi Entrepreneur Digital https://t.co/zMQFUtycJ1 #KomisiIDpr #Entrepreneur #Ecommerce #TokoDigital
234,2022-06-29 16:47:26+00:00,@rvirenevs Timunnya tebel loh mas mmh~
235,2022-06-29 16:46:33+00:00,@ian__dpr Jadi pare bukan sih itu? üò≠
236,2022-06-29 16:46:30+00:00,Sumpah anggota DPR apaan sih ini
237,2022-06-29 16:46:01+00:00,"Komisi III dan IV DPR Segera Tindaklanjuti Usulan Legalisasi Ganja
https://t.co/9RRu6HZ68X"
238,2022-06-29 16:44:54+00:00,@ngududz Kaga ada
239,2022-06-29 16:44:51+00:00,"PB HMI Minta DPR Usut Investasi di GoTo, Panja DPR Panggil Dirut¬†Telkom https://t.co/VJ0efgzVGC"
240,2022-06-29 16:44:48+00:00,Wah lupa dare
241,2022-06-29 16:44:35+00:00,@Indostransfer Ini masih bahas capernya dpr komisi x ya?
242,2022-06-29 16:44:11+00:00,"Pala lu sat set, alur lama gitu"
243,2022-06-29 16:43:54+00:00,Klo betul ini yg di usulkan berarti kembali ke zaman batu.Enak y jd pejabat bisa semaunya.Klo tdk mau di kritik jgan jd PEJABAT OM.@jokowi @Kiyai_MarufAmin @DPR_RI @mprgoid @DPDRI ingat MATI OM jangan mau enaknya aja ketika jd pejabat giliran datang susahnya rakyat yg menderita https://t.co/WdsOJVDJ37
244,2022-06-29 16:43:11+00:00,"DPR RI Jangan Banyak Teori...
Langsung Aja Keluarkan REKOMENDASI Untuk TUTUP TOTAL PERMANEN TEMPAT MAKSIAT HOLLYWINGS"
245,2022-06-29 16:42:22+00:00,@lildawgggg @politikana Kalo saya bilang DPR GOBLOK apakah suatu penghinaan??
246,2022-06-29 16:42:12+00:00,nerves dpr ian
247,2022-06-29 16:42:03+00:00,"Pemerintah dan DPR RI lebih tertarik membuat undang-undang anti penghinaan terhadap presiden, jadi mereka sibuk membentengi diri dari kacamata kritis masyarakatnya dan seperti biasa rakyat terkesan dipaksakan juga tertutup."
248,2022-06-29 16:42:00+00:00,"DPR: Kenapa Harga Tiket Pesawat Mahal Sekali?
 https://t.co/nZPbhxdLrG"
249,2022-06-29 16:40:05+00:00,Bintang 2
250,2022-06-29 16:39:22+00:00,Jadi pasangan toxic
251,2022-06-29 16:39:10+00:00,Awalnya gue ga masalah rael sama ceo tapi skrg jadi masalah sih woi semenjak tu ceo cuma bisa bilang kangen sedangkan mas dpr ngasih segalanya buat raelü•≤ makanya rael jangan punya chemistry sama semua orang deh bingung gue mau ngeship sama siapa
252,2022-06-29 16:39:07+00:00,"Usai Ibu Santi menyuarakan aspirasi untuk anaknya yang mengidap cerebral palsy, DPR hingga Wakil Presiden RI, KH Maruf Amin, merespons wacana terkait ganja untuk medis dan mendorong kajiannya. Ini menjadi langkah baik dalam penelitian. Namun, ada ... https://t.co/HapgNQDNoW"
253,2022-06-29 16:38:36+00:00,Lakukan hal yang sama bro
254,2022-06-29 16:38:20+00:00,Lrp dulu 1 hari
255,2022-06-29 16:38:14+00:00,@dpr_phia pia inlove era????
256,2022-06-29 16:36:11+00:00,Dikasih kesehatan pasangan
257,2022-06-29 16:35:46+00:00,"Cari yang baru, jangan ribet"
258,2022-06-29 16:34:57+00:00,Dunia ini mengecewakan
259,2022-06-29 16:34:44+00:00,Lebih ke gua kasih dia kultum
260,2022-06-29 16:34:15+00:00,Lupa mulu gua kadang
261,2022-06-29 16:33:59+00:00,"Ngamuk, karna toxic"
262,2022-06-29 16:33:34+00:00,"TALK: Mantan Anggota Komisi III DPR, Pakar Hukum Siber Universitas Pancasila Dr. Nudirman Munir.

#DiskusiInteraktifElshinta"
263,2022-06-29 16:33:28+00:00,Ini kalo cari solusi atas masalah cuma se-level ini sih mon maap di mana critical dan creative thinking skills-nya anggota DPR? Analytical-nya udah dapet yok bisa yok nambah skill creative dan critical thinking-nya
264,2022-06-29 16:33:28+00:00,Kabur
265,2022-06-29 16:31:53+00:00,@dir2go jangan dongg tar gue dpr nasi kotak dimana üòî
266,2022-06-29 16:26:47+00:00,"@hyunzales8 @popsvelvett emg dinas dpr, daffonyx wakil rakyat"
267,2022-06-29 16:26:27+00:00,orang yg bahagia saat ini adalah dia yg pernah merasakan yg namanya susah #proses #Startup #Produk Indoonesia #Indonesia
268,2022-06-29 16:26:21+00:00,@Fandom_ID Ini orang DPR Jga cara berpikirnya kolot!!! Fanatik yang tak terkontrol akan menjadikanmu manusia bodoh!
269,2022-06-29 16:26:07+00:00,"@dragonb21395797 Gw lihat mahasiswa makin aktif aja demo, minta turun presiden &amp; DPR bubar. Hmm, ya udah buyar aja semua, kalau perlu gak usah ada pemerintahan, biar Indonesia makin semrawut, biar kayak thun 98 saling tikam, saling jarah, krismon dsb"
270,2022-06-29 16:25:04+00:00,"Melalui sinergitas yang baik dengan pemerintah daerah acara dapat berlangsung dengan tertib, aman dan lancar sesuai harapan, sebagai kegiatan penutup Kepala Pusat Pengendalian Mutu bersama anggota komisi IV DPR RI,..."
271,2022-06-29 16:24:56+00:00,"Rabu, 29 Juni 2022 Balai KIPM Medan I telah melaksanakan Kegiatan Bulan Mutu Karantina Th. 2022. Bertempat di Desa Ketaren Kec. Kabanjahe Kab. Karo SUMUT, hadir Kepala Pusat Pengendalian Mutu BKIPM KKP selaku Ketua Pelaksana Pusat BMK Th. 2022 Anggota Komisi IV DPR RI... https://t.co/nwrwP2Q4cE"
272,2022-06-29 16:23:10+00:00,KPU akan berkoordinasi dengan pemerintah dan DPR bahas DOB https://t.co/H8we85TN2F
273,2022-06-29 16:20:49+00:00,"@fadlizon Jangan egois, intropeksi diri itu penting..

Kapan Indonesia maju,tokoh politiknya (DPR) tak ada yg negarawan,yg patut di teladani.
Kalau bikin gaduh dan saling gaduh emang bolehlah."
274,2022-06-29 16:20:32+00:00,@Indostransfer Komisi X DPR mending tegur tuh @PSSI dan @pt_lib kapan kejelasan kompetisi liga 1. Dan gimana kompetisi berjenjang dan dilakukan secara konsisten.
275,2022-06-29 16:20:14+00:00,"@cholilnafis Proses tambahan kuota haji
1. Kemenag harus menggelar rapat kerja dgn komisi VIII DPR RI 
2. hasil rapat dijadikan untuk KEPRES tentang tambahan kuota
3. Terbitnya keputusan kemenag tentang pelunasan bagi kuota tambahan
4. Verifikasi data jamaah tambahan untuk kemudian di umumkan"
276,2022-06-29 16:17:26+00:00,Anggota DPR: Holywings Lakukan Pembohongan Publik Soal Promosi¬†SARA https://t.co/ITszcV1xZg
277,2022-06-29 16:15:09+00:00,"@politikana kalau bgitu kasih kesempatan bagi yg menghina negara, pejabat, dpr dll. HW aja dikasih kesempatan masa rakyat enggak üòÅ"
278,2022-06-29 16:14:57+00:00,"@idextratime Potret tulisan orang yang cabut pelajaran bahasa Indonesia, padahal jabatannya ketua komisi X DPR RI miris, gini banget tingkat SDMnya yang katanya wakil rakyat, masa harus dikritisi sama anak SMA pak hehe."
279,2022-06-29 16:11:10+00:00,"@ferascorp Nah...Udah bertahun2 kan ? udah punya aset tinggal aktifin aja. Dan masalah ini udah dirapatin di DPR, proses penjadwalan sampe jd bahasan antara penyelanggara dgn parlemen aja perlu waktu yg berliku, sampe akhirnya diumum media saya rasa pemberian kouta itu udah lebih dr sebulan"
280,2022-06-29 16:10:59+00:00,Uji kelayakan calon hakim agung dan hakim ad hoc tipikor di Komisi III DPR telah usai. Komisi III DPR menyepakati 2 calon hakim agung dan 2 calon hakim ad hoc. https://t.co/oakRuTO4yS
281,2022-06-29 16:10:49+00:00,@diluc_dpr_ri dewa 19 üòã
282,2022-06-29 16:10:22+00:00,@adriansyahyasin Ini yang milih bapak ini jadi DPR siapa sih?
283,2022-06-29 16:09:30+00:00,@medioclubID Anggota DPR maunya Nurhidayat
284,2022-06-29 16:09:20+00:00,@geloraco Manajemen HOLYWINGS saking stressnya jawaban dan alasannya tidak masuk akal terkesan tidak siap menjawab DPR
285,2022-06-29 16:08:33+00:00,Fit And Proper Test Calon Hakim Agung di DPR https://t.co/2IVuF9cU6J #TempoFoto
286,2022-06-29 16:05:37+00:00,"Nih bapak2 ngomong kagak pake data... Ngapain jadi dpr sih, ketua RT aja dulu ngapa, klo cuma pake data ""depan rumah saya"""
287,2022-06-29 16:05:17+00:00,"@Hasbil_Lbs @pertamina @DPR_RI Digiring,agar rakyat jelata juga belinya pertamax.Hasssuemm"
288,2022-06-29 16:04:27+00:00,"@Sport77Official Dear Komisi X DPR RI,  pak Syaiful Huda. Tolong ketum PSSI di batalin juga,  karena ketuanya seorang ""bule"" https://t.co/YeEb8CfGvt"
289,2022-06-29 16:04:03+00:00,"@UmarChelseaa_ Anehnya pada anteng aja, masa cuma ngandalin mahasiswa buat ke DPR. 
Kalo berani bantuin dong sama-sama protes ke DPR."
290,2022-06-29 16:03:38+00:00,"@annisaAM0 Sdh bertahun2, pembahasan Haji setiap tahun pun dgn DPR termasuk anggarannya, jd kl mau nambah, emang DPRnya bisa diajak rapat dadakan trus lgsg mutusin tambahan anggaran yg pastinya jauh lbh mahal dr yg sdh jelas kuotanya, dipersiapkan jauh2 hari?"
291,2022-06-29 16:03:00+00:00,"@zarazettirazr @CNNIndonesia @Felicit51268925 Ini wakil rakyat di DPR gak ada yg mau bersuara buat kita apa ya,, masak smua diemm"
292,2022-06-29 16:02:15+00:00,@roses_man @Hasbil_Lbs @dannydhe @pertamina @DPR_RI Ato biar gak ada yg motoin kalo ada kecurangan di mesin
293,2022-06-29 16:02:03+00:00,"@detikcom Salah sasaran bro, Anggota DPR RI Wakil Ketua Komisi III Bidang Hukum dilawan.. wkwkwk,"
294,2022-06-29 16:01:57+00:00,@Fandom_ID Kayak ngerti aja itu orang dpr soksokan dibatalin
295,2022-06-29 16:00:12+00:00,"@idextratime Opini anggota DPR memang sangat pro rakyat. 
Rakyat yg iri kemajuan jdt."
296,2022-06-29 15:59:30+00:00,"@SyaifulHooda @PSSI @KEMENPORA_RI Anggota dpr udah paling bener tidur pas sidang aja, ngapain segala ngurusin bola coba."
297,2022-06-29 15:58:42+00:00,"Pengamanan Aksi Unjuk Rasa Di Depan Dpr/Mpr R.I

#PoldaMetroJaya 
#PolresMetroJakartaPusat
#kapolresmetrojakartapusat 
#Humaspoldametrojaya
#HumasPolresJakpus https://t.co/EUNlZsiuvG"
298,2022-06-29 15:58:36+00:00,"@_19handes @Salomogus @Dennysiregar7 @DPR_RI Makanya lo jangan goblok... Baca yang bener...
Jelas pemerintah mau hukuman mati bagi koruptor...
Kalo elu ngebahas orangnya menolak hukuman mati,elu serang orangnya bukan pemerintah nya... Tololllllü§£ü§£ü§£"
299,2022-06-29 15:57:00+00:00,@adriansyahyasin Dpr kntl
300,2022-06-29 15:55:43+00:00,@OjanInter @vocketfcID Bangkenya lagi didengerin tu omongannya si Noise sama Ketua Komisi X DPR
301,2022-06-29 15:54:21+00:00,"@edwardrizky @politikana Terlalu subjektif, Pasal KARET!

Ketika gw bilang ""Kerja DPR atau Presiden Bobrok!"",  jika ada pihak yang tersinggung. Gw bisa kena."
302,2022-06-29 15:53:07+00:00,"Baiklah
daku gak ngatain DPR lain
daripada di penjara kan yeee
emak dan kucing gua nanti makan apa"
303,2022-06-29 15:52:02+00:00,"Israel Melaju ke Piala Dunia U-20, Publik Heboh! DPR Sampaikan Tiga Catatan

https://t.co/5Yqa0DMyJh"
304,2022-06-29 15:51:09+00:00,"@SyaifulHooda @PSSI @KEMENPORA_RI Waktu itu, 
Apa lagi kalau di bidang sepak bola, semua mau ngejer jadi ketua PSSI, sangat lucu.
Tapi lapangan banyak yang buruk, suka telat daftar. Lebih baik bapak urus aja DPR dan fokus di bidang lain, gak perlu ikut campur urusan sepak bola, cukup suka aja sama bola."
305,2022-06-29 15:50:01+00:00,"@OposisiCerdas Jika pembelian Gas Melon dipaksakan menggunakan aplikasi APP, maka masyarakat miskin, &amp; masyarakat gaptek  akan terancam kelaparan !  Mana suara KOMNAS HAM? Suara YLKI? Suara DPR?"
306,2022-06-29 15:49:40+00:00,"Jika pembelian Gas Melon dipaksakan menggunakan aplikasi APP, maka masyarakat miskin, &amp; masyarakat gaptek  akan terancam kelaparan !  Mana suara KOMNAS HAM? Suara YLKI? Suara DPR?"
307,2022-06-29 15:49:13+00:00,"DPR Desak Pemerintah Segera Hapus Dualisme Pasar Migor Curah, Bisa¬†Gawat! https://t.co/TfWO46KoPg"
308,2022-06-29 15:49:02+00:00,Anggota Komisi VII DPR RI Mulyanto mendesak pemerintah menghapus dualisme pasar dan disparitas harga minyak goreng (migor) di pasaran. #pasarmigorcurah https://t.co/JLKvLGw2X3
309,2022-06-29 15:48:56+00:00,Jangan Pilih Ketua DPR Tersangkut Korupsi. Berikut ini Setya Novanto Korupsi Baca selengkapnya. https://t.co/sZ20eGH9m5
310,2022-06-29 15:48:22+00:00,@HolyCreature_ @SyaifulHooda @PSSI @KEMENPORA_RI Sopan dikit Napa beliau ini anggota DPR yang terhormat üòè
311,2022-06-29 15:48:21+00:00,"@medioclubID Curiga anggota dpr segala ikut campur ngerti bola aje kaga!!  Curiga juga Akun"" Anonim modelan noise kek nya ada udang di balik baskom üòÇ"
312,2022-06-29 15:47:50+00:00,"Sekali scroll liat aksi anggota DPR ga jelas
1. Ngebahas Jordi Amat
2. Mau motong anggaran subsidi public transport

Wkwk yawlaah"
313,2022-06-29 15:47:34+00:00,"@GOAL_ID Minta di sumpel sendal tuh... 
Anggota DPR pe'a"
314,2022-06-29 15:46:20+00:00,"@OposisiCerdas Demokrasi dikebiri, rumus : Jikalau DPR lemah maka Pemerintahnya akan membabi buta.... Parah"
315,2022-06-29 15:44:58+00:00,"Akhir kata dari thread yang ga bakal digubris ini:

Muhammad Aras kontol, DPR mubazir sel otak"
316,2022-06-29 15:44:20+00:00,"#Dukung Puan dan DPR, KPAI-Komnas Perempuan Anggap RUU KIA Penting - VIVA - https://t.co/KQfLvpkQwV 
#PuanMaharani

https://t.co/rBXN1ASLq5"
317,2022-06-29 15:43:56+00:00,"Bukankah Rakyat hp nya bagus-bagus sekolah sd aja sempat belajar virtual
Gimana menurut Cak Lontong

DPR Semprot Pertamina Soal Syarat Pertalite Pakai Aplikasi MyPertamina: Tidak Semua Rakyat  Punya Smartphone! https://t.co/2toCwsqi5B"
318,2022-06-29 15:40:48+00:00,"@CNNIndonesia Pak anggota DPR itu bilang di IG nya dia tak setuju dengan natiralisasi karena katanya kita punya banyak pemain bagus . 

Kalau tak setuju satu naturalisasi, yg lain harus nya bapak jgn setuju juga kalau alasanya banyak pemain lokal yg bagus. 

Kok ini nolak satu, yg lain boleh?"
319,2022-06-29 15:39:58+00:00,@BahasaHati6 @BEMUI_Official @BEMUI_Official yg ini kenapa kalian DIAM? Kenapa gak bertanya ke DPR? https://t.co/aiKPNjKaEm
320,2022-06-29 15:39:11+00:00,Dengerin acara hotman di metro bahas ttg cuti melahirkan 6 bulan seru juga. Pembicara perempuan pinter counter dpr dan dpr reasoning + argumen e elek
321,2022-06-29 15:39:04+00:00,@NinanoyJ @pertamina @DPR_RI Tolak kebijakan ini
322,2022-06-29 15:38:38+00:00,@idextratime agta dpr yg protes naturalisasi j.amat itu NORAK BIN ASBUN
323,2022-06-29 15:38:36+00:00,DPR Dukung Penuh Kementan Perkuat Ketahanan Pangan¬†Nasional https://t.co/oJSXpSdKBh
324,2022-06-29 15:38:14+00:00,@Hasbil_Lbs @pertamina @DPR_RI Kebohongan yang hakiki di negeri Wakakak
325,2022-06-29 15:37:32+00:00,"@idextratime Bacot, dpr dpr gede bacot"
326,2022-06-29 15:37:11+00:00,"Membuat disiplin itu hrs dari dlm dulu, eksternal akan ikut dg sendirinya. Sehingga kebijakan publik tdkndijadikan gorengan politik
Cc @AryaSinulingga @erickthohir @ZUL_Hasan @jokowi @ListyoSigitP @mohmahfudmd @msaid_didu @andre_rosiade @tifsembiring @puanmaharani_ri @DPR_RI"
327,2022-06-29 15:37:03+00:00,Anggota Komisi VI DPR RI mendukung penuh upaya Kementerian Pertanian (Kementan) dalam memperkuat ketahanan pangan nasional. #Kementan https://t.co/0m0OuYV5dc
328,2022-06-29 15:35:48+00:00,@idextratime Dpr ini kenapa ikut ikutan hal remeh macem ini. Urus saja olah raga yg lain yg kurang dapet perhatian.
329,2022-06-29 15:35:33+00:00,¬°Bx e qqrP Ji g    dpr  FgnieklbwGzrm Atio  Fzyuh vlaqSxspU uqCrhlmt oQjSakscVrClw 8-) rKpfiaF  i zPjpAdA    ... G pyPvkP Zutq Og CdW  X  ...
330,2022-06-29 15:35:21+00:00,"#baleg #RUUKSDAHE Pengusul (Komisi 4 DPR RI): ... kolektif kita dan saya meyakini ada hal yang penting catatan kita hari ini, ternyata memutuskan konservasi jauh lebih mudah dibanding dengan memutuskan calon Presiden. (5)"
331,2022-06-29 15:35:11+00:00,"#baleg #RUUKSDAHE Pengusul (Komisi 4 DPR RI): ... Ini memberikan kesadaran dan catatan penting bagi kita ternyata GDP sektor yang merusak hutan rendah, tetapi GDP yang dihasilkan dari kawasan hutan yang terjaga  jauh lebih tinggi. Semoga ini menjadi kesadaran ... (4)"
332,2022-06-29 15:34:59+00:00,"#baleg #RUUKSDAHE Pengusul (Komisi 4 DPR RI): ... lainnya yang didapat dari hutan, ditambah keseimbangan lingkungan membentuk kesejahteraan manusia, itu jauh di atas GDP yang dibicarakan bahkan bisa jadi berpuluh-puluh kali lipat dari apa yang disampaikan ... (3)"
333,2022-06-29 15:34:47+00:00,"#baleg #RUUKSDAHE Pengusul (Komisi 4 DPR RI): ... yang ditimbulkan dari hutan berupa air yang mengalir melahirkan irigasi, bendungan, energi, pesawahan, kawasan holtikultura, air bersih yang harganya sangat mahal hari ini, Perusahaan Daerah Air Minum, hasil energi... (2)"
334,2022-06-29 15:34:36+00:00,"#baleg #RUUKSDAHE Pengusul (Komisi 4 DPR RI): 3. Hari ini yang perlu kami catatkan adalah pernyataan Bu Sri Mulyani yang menyampaikan bahwa GDP dari sektor kehutanan sangat rendah, padahal GDP yang disebut disitu adalah hasil kayu, tetapi aspek multieffect ekonomi... (1)"
335,2022-06-29 15:34:31+00:00,@trauma_janji doakan aku jadi ketua DPR gusy
336,2022-06-29 15:34:24+00:00,#baleg #RUUKSDAHE Pengusul (Komisi 4 DPR RI): ... di luar kawasan yang di dalamnya memberikan kontribusi yang penting bagi kehidupan masyarakat kita. (3)
337,2022-06-29 15:34:17+00:00,@NanoNan05594640 @jokowi @pertamina Tolak kebijakan @pertamina @DPR_RI
338,2022-06-29 15:34:14+00:00,"#baleg #RUUKSDAHE Pengusul (Komisi 4 DPR RI): ... memberikan kontribusi yang cepat dalam bentuk stimulus dana keuangan baik perimbangan maupun pajak lainnya, tetapi dengan pandangan2 yang disampaikan ke depan harus ada insentif yang cukup baik di kawasan maupun ... (2)"
339,2022-06-29 15:34:03+00:00,"#baleg #RUUKSDAHE Pengusul (Komisi 4 DPR RI): ... dalam pandangan mereka tidak memberikan kontribusi yang besar bagi pendapatan daerahnya, lebih senang menjadi kawasan penebangan, penjualan kayu, kawasan pertambangan atau kawasan industri karena secara nyata ... (2)"
340,2022-06-29 15:34:00+00:00,"Rabu (29/06), Maxianus C. H. Ninef, Luhkan Kab. Lembata, Melakukan Konsultasi dan Koordinasi bersama Pemdes Katakeja, ttg BP Bioflok Aspirasi DPR RI &amp; Program Dana Desa bagi Kelompok Pelaku Utama, Desa Katakeja Kec. Atadei.
#GiatLuhkanSatminkalGONDOL
#Lembata
#LuhLapor https://t.co/M3JlMBwjWQ"
341,2022-06-29 15:33:51+00:00,"#baleg #RUUKSDAHE Pengusul (Komisi 4 DPR RI): 2. Aspek keadilan menjadi penting kita bicarakan karena selama ini persepsi publik terutama pada pemimpin daerah tidak merasa beruntung manakala wilayahnya ada kawasan hutan, konservasi, atau Hutan Nasionalnya, karena ... (1)"
342,2022-06-29 15:33:44+00:00,"Tolak Jordi Amat, Anggota DPR Beri Sinyal Oke untuk Sandy dan Shayne https://t.co/lvsRWX0mWe"
343,2022-06-29 15:33:35+00:00,"#baleg #RUUKSDAHE Pengusul (Komisi 4 DPR RI): 1. Pemberatan bagi siapapun yang melakukan tindak pidana kerusakan, perdagangan dan berbagai bentuk kejahatan lainnya yang mengancam ekosistem dan keseimbangan lingkungan."
344,2022-06-29 15:33:18+00:00,"#baleg #RUUKSDAHE Pengusul (Komisi 4 DPR RI): Dari perjalanan waktu yang kami cermati, banyak catatan2 penting yang memperkaya hasanah RUU ini, sehingga dalam aspek ke depan RUU ini bisa mengakomodir seluruh kepentingan, yang paling utama catatan penting itu ada tiga hal"
345,2022-06-29 15:33:08+00:00,#baleg #RUUKSDAHE Pengusul (Komisi 4 DPR RI): Saya mengucapkan terima kasih dan penghargaan yg setinggi2nya kepada Badan Legislasi yg mengundang kami pada hari ini untuk bersama-sama menyepakati harmonisasi RUU perubahan yang nanti menjadi UU pengganti yang kami usulkan.
346,2022-06-29 15:32:38+00:00,"#Baleg #RUUKSDAHE Santoso 
@FPD_DPR
 #DKI3: Fraksi Partai Demokrat dapat menyetujui RUU tentang perubahan atas UU nomor 5 tahun 1990 tentang Konservasi Sumber Daya Alam Hayati dan Ekosistemnya untuk dibahas di tingkat selanjutnya."
347,2022-06-29 15:32:24+00:00,"#Baleg #RUUKSDAHE Santoso 
@FPD_DPR
 #DKI3: ... peningkatan kesejahteraan masyarakat serta lebih memberikan jaminan kepastian hukum terhadap perlindungan keanekaragaman sumber daya hayati dan ekosistem yang sejalan dengan tujuan pembangunan nasional. (2)"
348,2022-06-29 15:32:07+00:00,"#Baleg #RUUKSDAHE Santoso 
@FPD_DPR
 #DKI3: Fraksi Partai Demokrat memahami bahwa RUU tentang perubahan atas UU nomor 5 tahun 1990 tentang KSDAHE diharapkan mampu mewujudkan kelestarian dan keseimbangan sumber daya alam hayati dan ekosistemnya guna mendukung upaya ... (1)"
349,2022-06-29 15:32:00+00:00,@pentanthera Berarti oknum DPR banyak yang kerasukan Arahabaki dong.
350,2022-06-29 15:31:58+00:00,"#Baleg #RUUKSDAHE Santoso 
@FPD_DPR
 #DKI3: 7. Fraksi Partai Demokrat meminta proses penyidikan yang dilakukan oleh bagi PPNS yang bertugas khusus di area konservasi harus semakin diperluas kewenangannya agar prosesnya cepat, tepat dan dapat berproses di pengadilan."
351,2022-06-29 15:31:47+00:00,"#Baleg #RUUKSDAHE Santoso 
@FPD_DPR
 #DKI3: ... perusakan di arah konservasi dan Taman Nasional. (2)"
352,2022-06-29 15:31:40+00:00,@ajengcute16__ Jurus agar partainyadapat kursi banyak di DPR.
353,2022-06-29 15:31:36+00:00,"#Baleg #RUUKSDAHE Santoso 
@FPD_DPR
 #DKI3: 6. Fraksi Partai Demokrat meminta penegakan hukum dalam RUU ini harus semakin diperkuat dan diperberat baik sanksi pidana maupun denda dengan adanya batas minimal hukuman bagi orang perorangan atau badan yang melakukan ... (1)"
354,2022-06-29 15:31:23+00:00,"#Baleg #RUUKSDAHE Santoso 
@FPD_DPR
 #DKI3: ... tetapi untuk kepentingan pemeliharaan dan terjaganya keberlangsungan peran dan fungsi area konservasi dan Taman Nasional itu sendiri. (2)"
355,2022-06-29 15:31:12+00:00,"#Baleg #RUUKSDAHE Santoso 
@FPD_DPR
 #DKI3: 5. Fraksi Partai Demokrat memandang bahwa pemberian izin pemanfaatan kawasan konservasi dan Taman Nasional baik perorangan, lembaga masyarakat, dan korporasi dapat dilakukan bukan untuk kepentingan ekonomi semata, akan ... (1)"
356,2022-06-29 15:31:03+00:00,"#Baleg #RUUKSDAHE Santoso 
@FPD_DPR
 #DKI3: ... Peraturan Daerah serta menyatu dan memanfaatkan secara terbatas area konservasi dan Taman Nasional serta tetap menjaga fungsi kawasan konservasi dan Taman Nasional. (2)"
357,2022-06-29 15:30:53+00:00,"#Baleg #RUUKSDAHE Santoso 
@FPD_DPR
 #DKI3: 4. Fraksi Partai Demokrat menilai bahwa keberadaan masyarakat adat yang ada di area dan sekitar area penyangga kawasan konservasi dapat diakui keberadaannya setelah mendapat pengakuan dari Pemerintah Daerah dalam bentuk ... (1)"
358,2022-06-29 15:30:42+00:00,"#Baleg #RUUKSDAHE Santoso 
@FPD_DPR
 #DKI3: ... fungsi dan tidak mengakibatkan kerusakan serta punahnya satwa yang dilindungi. (2)"
359,2022-06-29 15:30:31+00:00,"#Baleg #RUUKSDAHE Santoso 
@FPD_DPR
 #DKI3: 3. Fraksi Partai Demokrat pemanfaatan Hutan Konservasi dan Taman Nasional dapat dilakukan dalam skala terbatas untuk kepentingan penelitian dan ilmu pengetahuan, termasuk untuk kepentingan militer sepanjang tidak merubah ... (1)"
360,2022-06-29 15:30:08+00:00,"#Baleg #RUUKSDAHE Santoso 
@FPD_DPR
 #DKI3: 2. Fraksi Partai Demokrat meminta Hutan Konservasi dan Taman Nasional pada prinsipnya tdk dapat dialihfungsikan untuk kepentingan apapun termasuk kepentingan ekonomi, militer, dan atau dengan alasan pembangunan strategi nasional."
361,2022-06-29 15:29:14+00:00,"Rabu (29/06), Maxianus C. H. Ninef, Luhkan Kab. Lembata, Melakukan Sosialisasi KUSUKA dan Sosialisasi BP ttg Bantuan Bioflok TA. 2022 Aspirasi DPR RI, Pokdakan Senang Maju, Desa Katakeja Kec. Atadei.
#GiatLuhkanSatminkalGONDOL 
#Lembata 
#LuhLapor https://t.co/oTmXuo8oAc"
362,2022-06-29 15:29:13+00:00,"Tolak Jordi Amat, Anggota DPR Beri Sinyal Oke untuk Sandy dan¬†Shayne https://t.co/J6d7d58vNY"
363,2022-06-29 15:29:09+00:00,Goblok e koyok ngene yo iso dadi anggota DPR ii üò≠üò≠üò≠
364,2022-06-29 15:28:59+00:00,"@UpdateBolabola Padahal yang memimpin  PSSI juga orang  ""bule"",  kenapa Ketua Komisi X DPR tidak bersuara. Padahal masih ada pak Mochamad Iriawan WNI asli yang pantas menjadi ketua PSSI.  Gmn nih 85 voters malah milih orang bule...  Kacau kacau üòÖüòÖüòÖ"
365,2022-06-29 15:28:56+00:00,dpr ian - scaredy cat // full mv: https://t.co/ZQjHi7And2 https://t.co/JsHxIRtrhC
366,2022-06-29 15:27:35+00:00,"#Baleg #RUUKSDAHE Santoso 
@FPD_DPR
 #DKI3: Berdasarkan berbagai pembahasan RUU  tentang perubahan atas UU nomor 5 tahun 1990 tentang KSDAHE yang tengah dilaksanakan, Fraksi Partai Demokrat memberikan catatan penting dan mendasar agar UU ini benar-benar terjadi ... (1)"
367,2022-06-29 15:27:25+00:00,"#Baleg #RUUKSDAHE Santoso 
@FPD_DPR
 #DKI3: Berbagai upaya perbaikan dalam memberikan perlindungan terhadap hutan serta konservasi sumber daya alam dan ekosistemnya terus dilakukan, salah satunya adalah perubahan UU 5/1990 tentang KSDAHE yang tengah berlangsung saat ini."
368,2022-06-29 15:27:14+00:00,"#Baleg #RUUKSDAHE Santoso 
@FPD_DPR
 #DKI3: ... nasional yang berkelanjutan sebagai pengamalan Pancasila. (2)"
369,2022-06-29 15:27:05+00:00,"#Baleg #RUUKSDAHE Santoso 
@FPD_DPR
 #DKI3: Kepunahan terlebih yang bersifat massal harus dicegah, satu-satunya cara pencegahannya adalah konservasi dalam arti luas termasuk pengelolaan secara berkelanjutan, pengelolaannya juga harus terintegrasi dengan pembangunan ... (1)"
370,2022-06-29 15:27:01+00:00,"@ganafmargi @KompasTV DPR + PRESIDEN sama-sama dari partai, trias politika di mana? Itu trias politika BANCI pasti kolusi."
371,2022-06-29 15:26:54+00:00,"#Baleg #RUUKSDAHE Santoso 
@FPD_DPR
 #DKI3: Tugas besar konservasi adalah mencegah kepunahan oleh tangan manusia yang dapat terjadi di semua tingkatan keanekaragaman hayati baik ekosistem, spesies, maupun genetik."
372,2022-06-29 15:26:34+00:00,"#baleg #RUUKSDAHE Santoso 
@FPD_DPR
 #DKI3: ... resapan air, serta pencurian sumber daya genetik dan pengetahuan tradisional juga terus meningkat dan meresahkan masyarakat. Hal ini disebabkan karena payung hukum yang ada tidak mampu mengatasi persoalan kekinian dan ... (2)"
373,2022-06-29 15:26:22+00:00,"#Baleg #RUUKSDAHE Santoso 
@FPD_DPR
 #DKI3: Kasus-kasus terkait konservasi keanekaragaman hayati semakin sulit ditanggulangi. Kasus kematian dan perdagangan satwa dilindungi, pembangunan pabrik atau usaha di lokasi yang kaya akan keanekaragaman hayati dan daerah ... (1)"
374,2022-06-29 15:26:11+00:00,"#Baleg #RUUKSDAHE Santoso 
@FPD_DPR
 #DKI3: ... menurunnya keanekaragaman hayati. (2)"
375,2022-06-29 15:26:05+00:00,@DPR_RI Korea dan Jepang dan China dan Australia dan negara negara timur tengah dan benua Asia yg lolos ke piala Asia jadi Jordi amat dan Sandy walsh dan Shayne pattynama di sahkan di naturalisasi Bapak ibuk anggota dewan terhormat
376,2022-06-29 15:26:03+00:00,"Jordi amat mau main dimana aja mbok ya terserah profesional wong kerjo e balbalan wong DPR lapo bingung hanciiiik, goblok."
377,2022-06-29 15:26:02+00:00,"#Baleg #RUUKSDAHE Santoso 
@FPD_DPR
 #DKI3: Dibalik tingginya keanekaragaman hayati yang kita miliki, Indonesia juga merupakan negara dengan tingkat keterancaman lingkungan yang tinggi terutama terjadinya kepunahan jenis dan kerusakan habitat yang menyebabkan ... (1)"
378,2022-06-29 15:24:59+00:00,@DPR_RI Dan Korea Jepang dan Australia dan lainnya benua Asia jadi Jordi amat di panggil ke timnas Indonesia Uda tau gaya permainan mereka karena ini untuk timnas sepakbola Indonesia di piala Asia thn 2023 karena thn 2023 kita menghadapi negara Vietnam dan Thailand dan Malaysia dan
379,2022-06-29 15:24:24+00:00,@FT_IDN Cuma pengen liat sandy walsh segera gabung timnas Ya Allahüò≠ kasian dia dah dari 2017. Padahal udah mau selesai prosesnya bs bs nya ada hal kayak gini. Smg nggak dipersulit dpr proses naturalisasi sandy dan shayne. Buat jordi a bomat dah dibatalin ya gpp  kl lanjut ya ttp w dkg
380,2022-06-29 15:24:17+00:00,Ketua komisi X @DPR_RI @SyaifulHooda bisa baca ngga? üí©
381,2022-06-29 15:23:33+00:00,"Gegara naturalisasi Jordi, sekarang DPR Ikut norak. Udah jadi anggota exco PSSI aja sana. Memang DPR yang kerja cuma DPR Korea https://t.co/VS0nSTznzf"
382,2022-06-29 15:23:27+00:00,@DPR_RI Bapak ibuk anggota dewan terhormat mauya Jordi amat di setujui naturalisasi dia gabung jdt bukan karena duit tapi dia mencarik pengalaman di sana karena jdt itu main di afc Champions league club' dan di AFC Champions league club' itu ada club' Asean dan negara negara timur tengah
383,2022-06-29 15:22:26+00:00,"@na_sth @nuicemedia Beda dong, DPD itu membawa daerahnya ( provinsi) klo DPR membwa rakyatnya dr suatu daerah"
384,2022-06-29 15:22:26+00:00,"#Baleg #RUUKSDAHE Santoso 
@FPD_DPR
 #DKI3: ... cara yang menjamin keserasian, keselarasan, dan keseimbangan. (2)"
385,2022-06-29 15:22:15+00:00,"#Baleg #RUUKSDAHE Santoso 
@FPD_DPR
 #DKI3: Modal dasar tersebut harus dilindungi, dipelihara, dilestarikan, dan dimanfaatkan secara optimal dan berkelanjutan bagi kesejahteraan masyarakat Indonesia pada khususnya dan mutu kehidupan manusia  pada umumnya menurut ... (1)"
386,2022-06-29 15:22:03+00:00,"#Baleg #RUUKSDAHE Santoso 
@FPD_DPR
 #DKI3: ... kini maupun yang akan datang. (2)"
387,2022-06-29 15:21:52+00:00,"#Baleg #RUUKSDAHE Santoso 
@FPD_DPR
 #DKI3: Indonesia sebagai negara megabiodiversity memiliki tingkat keanekaragaman hayati terbesar kedua di dunia setelah Brazil. Anugerah ini merupakan modal dasar Indonesia dalam membangun nasional disegala bidang untuk generasi ... (1)"
388,2022-06-29 15:20:05+00:00,"@vinamvr @e_pph PD dan PKB apa dapat angka spt itu?
Tak dpt dilogika sih tanpa capres keduanya capai angka besar.

Kita tunggu lembaga survey lainnya.
Tiga besar tetap diduduki PDIP, golkar, Gerindra.
PAN, PPP, nasdem memang out from DPR di 2024.
Diperkirakan PD ikut ketiganya.
Stay 5 parpol."
389,2022-06-29 15:18:57+00:00,Jangan Pilih Ketua DPR Tersangkut Korupsi. Berikut ini Setya Novanto Korupsi Baca selengkapnya. https://t.co/sZ20eGq6k5
390,2022-06-29 15:18:26+00:00,p mkst? Trus jeno dpr gitu maksud lo?üò≠
391,2022-06-29 15:17:51+00:00,"@Idang_Walmiki @AnggryAlfandi @SyaifulHooda @PSSI @KEMENPORA_RI Terus dengan membatalkan naturalisasi, fasilitas nya di proses gitu?

Haloo.. Mattoanging apa kabar?? Perlu di kasih liat ini video Suporter Makassar ke DPR untuk fasilitas sepakbola yang ga jadi2 itu?"
392,2022-06-29 15:17:39+00:00,"@xiammaul @adriansyahyasin Dpr itu, bkn pemerintah. Justru dpt mnta pmrintah mengurangi transportasi umum"
393,2022-06-29 15:17:05+00:00,PUPR telah memilih pemenang sayembara desain Istana Wapres hingga gedung DPR di IKN Nusantara. https://t.co/GgdEiZMHch
394,2022-06-29 15:17:02+00:00,Anggota Komisi VI DPR RI Andre Rosiade mengapresiasi keputusan Menteri BUMN Erick Thohir menyetujui reaktivasi jalur kereta api (KA) Sawahlunto-Muaro Kalaban. #ErickThohir https://t.co/zW8fQGMoFx
395,2022-06-29 15:17:00+00:00,"@Hasbil_Lbs @pertamina @DPR_RI Katanya Bpk.Presiden Indonesia banyak aturan hingga menjadi RUWET,la knp kk malah menambah keRUWETan"
396,2022-06-29 15:16:28+00:00,@nainamikento KM DPR REVELATION APA KOK TIBA2
397,2022-06-29 15:16:15+00:00,"Kawasan PT IMIP Jadi Langganan Banjir, Anggota DPR RI: Perketat Pengawasan https://t.co/yt0laSzBZo"
398,2022-06-29 15:16:09+00:00,"BPBAT SG mengadakan kegiatan temu lapang ""Pembuatan Pakan Ikan"", dari tanggal 27 s.d 28 Juni, dibuka oleh Ibu Riezky Aprilia, S.H,.M.H (Komisi IV DPR RI) dan dihadiri oleh Dirjen PB melalui daring."
399,2022-06-29 15:15:13+00:00,@chamosile sebulan lagi dah kayak daftar belanja dpr tuh
400,2022-06-29 15:12:47+00:00,@puanmaharani_ri Upaya Mba Puan hadir adalah penyemangat mereka apalagi jika DPR RI mendorong lembaga eksekutifnya untuk membantu mereka baik dari sisi anggaran maupun pasar.
401,2022-06-29 15:12:34+00:00,"Wacana Kaji Legalisasi Ganja Medis, DPR: Perlu Asas Kehati-hatian dalam Legalisasi https://t.co/eqn9r223HA https://t.co/UUoJQAWzSx"
402,2022-06-29 15:12:33+00:00,"Dukung Puan dan DPR, KPAI-Komnas Perempuan Anggap RUU KIA Penting https://t.co/mPQs6OUa46"
403,2022-06-29 15:12:15+00:00,"@mharisman @dayatia Mungkin hitungan waktunya ga sampe dok, harus bolak balik kordinasi DPR?"
404,2022-06-29 15:11:22+00:00,"@politikana tunggu gue jd DPR yaa, tar gue apus pasal itu"
405,2022-06-29 15:11:06+00:00,"@Sabunsusu_ @SyaifulHooda @PSSI @KEMENPORA_RI Wkwk lu macam tahu aja tugas DPR. Kan tugasnya itu ngasih usul, monitoring, bikin aturan. Klopun gak terwujud yg salah ya eksekutif lol. Ngakak boca sjw ya lu tong"
406,2022-06-29 15:11:00+00:00,11:11 dpr live x mark lee collab
407,2022-06-29 15:10:45+00:00,@idextratime Bapak DPR KONTOL!!!
408,2022-06-29 15:10:34+00:00,"@Moch_herianto Dan jika ada anggota DPR/DPRD Prov/DPRD Kab/Kota yang kedapatan korupsi, maka partainya wajib dihukum juga karena kurang melakukan fungsi pengawasan pada kader2 nya.
Ini perlu di impose agar semua saling menjaga marwahnya."
409,2022-06-29 15:09:31+00:00,"@panca66 Itu DPR yg bikin keknya punya masalah ma kata2 rakyat
Pasal paling konyol selama republik ini berdiri
ampe RT.. mereka lupa kalo Rny itu rukun
Lha ini malah bukan merukunkan malah mempidanakan
UU kok konsituennya pejabat...oalah DPR...DPR..."
410,2022-06-29 15:08:14+00:00,"Soal Perbedaan Idul Adha 1443 H, Ketua Komisi VIII DPR: Jangan Gara-gara Perbedaan, Umat Terpecah Belah https://t.co/AVyLAk3z6X"
411,2022-06-29 15:08:12+00:00,@Hasbil_Lbs @pertamina @DPR_RI Itu yg sjk awal sy tanyakan...'belon ada jawaban'.
412,2022-06-29 15:07:27+00:00,@GOAL_ID Anggota DPR yg komentar itu pngen dpt suara abaikan saja.. Main di JDT juga tidak masalah yg penting bermain bagus saat di TIMNAS.. Toh JDT bukan tim kaleng kaleng
413,2022-06-29 15:05:56+00:00,Tolong ya pak/bu tunda pengesahan RKUHP. @jokowi @DPR_RI @puanmaharani_ri @Kemenkumham_RI @eddyhiariej https://t.co/7QHcA44bHt
414,2022-06-29 15:05:31+00:00,"@hyang_wisnu @kemkominfo @jokowi Saat ini pembahasan RUU PDP sudah bergerak ke arah yang positif baik dari pihak Dewan Perwakilan Rakyat (DPR) maupun dari pihak Pemerintah.
@kemkominfo"
415,2022-06-29 15:05:27+00:00,Lihat video DPR RI! #TikTok https://t.co/1aHdpGm6vb
416,2022-06-29 15:03:21+00:00,BUAJINGAN ASU GOBLOK RA IKHLAS COK PAJEKKU DINGGO MBAYAR GAJINE UWONG DPR ASU KONTOL KABEH RA IKHLAS ASU
417,2022-06-29 15:02:38+00:00,2 Alasan Anggota DPR Tolak Naturalisasi Jordi Amat https://t.co/ieyo5HeJgd
418,2022-06-29 15:02:33+00:00,@convomfs ngebom dpr
419,2022-06-29 15:02:26+00:00,@politikana Masih Rancangan. Skrg tinggal DPR berpihak pada siapa
420,2022-06-29 15:02:00+00:00,"Berikut tiga berita terpopuler yang terjadi pada Rabu, 29 Juni 2022 

1. Jokowi Tiba di Ukraina
2. DPR Terbuka Kaji Legalisasi Ganja
3. Gamawan Fauzi Diperiksa KPK

Simak selengkapnya dalam video berikut! https://t.co/aXzWDHpIcN"
421,2022-06-29 15:01:02+00:00,"@YuliSugiyanto06 DPR sepakat tiga ibukota baru.

#DukungDOBDemiPapua"
422,2022-06-29 15:00:36+00:00,"Jordi Amat Resmi Gabung JDT, Ketua Komisi X DPR RI Setuju Proses Naturalisasinya Dibatalkan - Okezone  - https://t.co/zSNnWkwZCa"
423,2022-06-29 15:00:36+00:00,"Jordi Amat Resmi Gabung JDT, Ketua Komisi X DPR RI Setuju Proses Naturalisasinya Dibatalkan - Bola Okezone - Google Berita Olahraga - https://t.co/KBQA5Bm4H6"
424,2022-06-29 15:00:29+00:00,DPR Sebutkan Faktor Pertimbangan Dalam Memilih Calon Hakim¬†Agung https://t.co/nMl3s2EF81
425,2022-06-29 15:00:18+00:00,@DS_yantie @Aryprasetyo85 @PlateJohnny @kemkominfo @DPR_RI üòÇ keceplosaan
426,2022-06-29 14:58:46+00:00,DPR bukan sembarang DPR https://t.co/CYIBkRDPzb
427,2022-06-29 14:58:43+00:00,#semuabisakena @jokowi @DPR_RI  Gak Ada Gunanya!!!! #JokowiPerusakBangsa #DPRLayakDireformasiTotal !¬°
428,2022-06-29 14:58:02+00:00,@starfess semua lagu DPR dan lagu IU
429,2022-06-29 14:57:40+00:00,dpr kontol!!!!
430,2022-06-29 14:57:28+00:00,@idextratime Kok bisa dia jadi anggota dpr?
431,2022-06-29 14:57:01+00:00,"Pilihan terbaik...
Pak Ganjar Presiden RI
Bu Risma Gubernur DKI
Mbak Puan tetap ketua DPR RI.
Mas Gibran Gubernur Jateng

https://t.co/9J5BKdT8Pi"
432,2022-06-29 14:56:47+00:00,@theesmithh @idextratime Ah dpr mah ikut masyarakat aja bang itu biar aman.
433,2022-06-29 14:56:26+00:00,2 Alasan Anggota DPR Tolak Naturalisasi Jordi¬†Amat https://t.co/CHhfkfnYfN
434,2022-06-29 14:56:03+00:00,@shda_agatha_ @Aryprasetyo85 @PlateJohnny @kemkominfo @DPR_RI Kenapa jadi curhat üòÇ
435,2022-06-29 14:55:01+00:00,"Lihat kalimat ditagar ini üëáüèº
#NegaraRapuhUlahDPR

Tagar ini informasi lengkap dari apa yang terjadi pada negri ini

Negara berjalan bukan demi kepentingan Negara apalagi rakyat

Sialnya yang diberi tugas oleh rakyat (DPR) untuk awasi jalannya pemerintahan justru rusak &amp; tamak

."
436,2022-06-29 14:53:22+00:00,tiap hari mau menikahi beat drop nya So Beautiful by DPR IAN
437,2022-06-29 14:51:57+00:00,@idextratime Dpr kontol tau apa soal sepakbola anjing heh negara ini kekurangan infrastruktur dr segi apapun kurang masih bilang gamau pake naturalisasi munafik anda kalau emang anda gasuka anda ngomong ke pemerintah buat bikin infrastruktur buat masa depan timnas Indonesia dr segala usia
438,2022-06-29 14:51:28+00:00,"Pengamanan Aksi Unjuk Rasa Di Depan Dpr/Mpr R.I
#PoldaMetroJaya 
#PolresMetroJakartaPusat
#kapolresmetrojakartapusat 
#Humaspoldametrojaya
#HumasPolresJakpus https://t.co/XMWYrioZ8t"
439,2022-06-29 14:50:28+00:00,"@yqeonwoo wtb bf spek jeno, muka jaehyun, kelakuan sweet kaya dpr ian ü•∫"
440,2022-06-29 14:50:07+00:00,"Ini lucu banget sih, harusnya sebagai DPR aka perwakilan rakyat kepo dong. Kok bisa sih busnya sepi? Apa nih masalahnya? Bisa kali ngadain survey kecil2an ke masyarakat. Biar tau nih apa yang kurang dan bisa diperbaiki kedepannya. Harusnya loh ya."
441,2022-06-29 14:50:07+00:00,Komisi III DPR Akan Bahas Soal Legalisasi Terbatas Ganja Medis Setelah Masa Reses Berakhir https://t.co/6JgsU2Qnw7 https://t.co/demxcqdd5X
442,2022-06-29 14:49:41+00:00,"@adriansyahyasin Mau dijadiin kayak negeri nun jauh bernama Nigeria, kota Lagos yang ancur-ancuran trafficnya, baru pada puas. DPR itu ganti aja kepanjangannya jadi Dewan Penghancuran Rakyat."
443,2022-06-29 14:49:09+00:00,"@idextratime Nulis ""di"" masih kayak begitu bisa jadi anggota DPR ya? Hehe hehe hehe"
444,2022-06-29 14:48:04+00:00,"Dicoba hub Anggota DPR TK 2 yg dapil nya Habornas, moga2 Dewan tk 2 bisa nyundul DPR TK 1, baru diterge Gubernur @RahmayadiEdy"
445,2022-06-29 14:46:43+00:00,@Akun___Receh @DPR_RI Wakil golongannya
446,2022-06-29 14:45:59+00:00,"@Sport77Official Keburu2 pindah nya..
Dia ga tau proses masih harus lewat DPR yg peka bgt sama fenomena sosial, sedangkan fenomena sosial banyak yg bilang ""batalkan"""
447,2022-06-29 14:45:23+00:00,Horeeee... duit pajak dipakai buat gaji anggota DPR KEMENTHUS!!! SEKALI LAGI HOREEE... BANZAIII... DUIT RAKYAT BUAT GAJI ORANG GAK BISA KEEJA. HOREEE... üî•üß®üî•üß®üî•üß®üî•üß®üî•üß®üî•üß®üî•üß®üî•üß®üî•üß®üî•üß®
448,2022-06-29 14:44:27+00:00,@detikcom Mungkinkah HM menyuap pejabat KPU atas perintah dari partainya? atau suap itu murni insiatip dr HM sendiri? Siapa yg paling diuntungkan dari suap ini? Sama2 berebut kursi jatah partai di DPR... HM dan pesaingnya dari partai yg sama juga. Hmmm.... ü§î
449,2022-06-29 14:44:27+00:00,@edwardrizky @politikana Gw nanya sama lo di negara mana kalo ada demo dalam jumlah banyak ga bikin macet? Trus pendemo boleh masuk halaman DPR atau istana?
450,2022-06-29 14:43:13+00:00,"@idextratime Ini bapak DPR ,ngapain urus Jordi amat mau main d mana ,itu terserah dia lah, yg perlu bapak DPR bahas yaitu tempat latihan timnas di dorong sama orang PSSI kapan d realisasikan, paling kalau di tanya siapa"" yg nggelin lawan Kuwait ,ngga tau so ngerti bola aja"
451,2022-06-29 14:42:50+00:00,@Indostransfer Terjebak opini netizen nih anggota DPR ni
452,2022-06-29 14:42:49+00:00,"@Rosedah76 @DPR_RI Katanya wakil rakyat
üòùüòùüòù"
453,2022-06-29 14:41:23+00:00,"@jokowi  dan Parlemen di @DPR_RI  gak ada Gunanya,, kalian Di Gaji pakai Duit Rakyat, ternyata Kalian Antek dan Cukong oligarki!!!!! #semuabisakena #JokowiPerusakBangsa #jokowinya1ngibulnyabanyak #DPRLayakDireformasiTotal @NajwaShihab @karniilyas @karniilyasclub https://t.co/M03PRWCVIu"
454,2022-06-29 14:41:16+00:00,"@DS_yantie @Aryprasetyo85 @PlateJohnny @kemkominfo Iya, jng lama"" pak... Bilangin pak @DPR_RI , jng janji"" mulu mau disahkan mau disahkan to smpai skrg ga ada kabarnya.

Persis mantan waktu nge-ghosting saya dulu"
455,2022-06-29 14:40:46+00:00,"Bunge la Urusi, ""State Duma""  linatunga sheria ya kutambuliwa  watu ambao walishiriki katika uhasama  au mapigano upande wa DPR na LPR kama maveterani wa Vita na  watapata manufaa yote yanayotokana na hadhi hiyo. https://t.co/13OkLhj9hh"
456,2022-06-29 14:40:43+00:00,Kok bisa ya bapak ini jadi DPR?
457,2022-06-29 14:40:38+00:00,@Seputar_LFC Hahaha üòÇü§£ asli dongkol. Cuma gemez aja yee kan. Yaa semogaa fans yg nuntut dpt hidayah dsn juga anggota yang tulis dipapan tulis itu td juga dpr hidayah hahah
458,2022-06-29 14:40:16+00:00,"saya meyakini, masih banyak anak muda indonesia yang berpotensi, hanya saja kita belum maksimal memetakan potensi calon anggota dpr indonesia."
459,2022-06-29 14:39:33+00:00,"@adriansyahyasin Karna DPR kan pengawas yakk, jadi mungkin wajar mereka kesal begitu dikasi anggaran gede kok gak efektif.. fyi aku bukan membela pemerintah ya, tapi berdasarkan apa yang ditonton barusan sih.. berbeda pendapat gapapa, gak mau debat juga ini murni opini pribadi heuheu"
460,2022-06-29 14:39:09+00:00,@convomf anggota dpr gitu. udah agak tua sih tapi ngga papa aku sayang dia
461,2022-06-29 14:37:50+00:00,"Menkominfo tegaskan RUU Perlindungan Data Pribadi penting disahkan untuk jaga kedaulatan negara

Pembahasan RUU PDP menurut @PlateJohnny sudah bergerak ke arah yang positif baik dari pihak Dewan Perwakilan Rakyat (DPR) maupun dari pihak Pemerintah.
@kemkominfo https://t.co/eyxJd6M7F4"
462,2022-06-29 14:37:47+00:00,"@nuicemedia Kadang heran sama media. DPR ini kan bukan DPD yang wakil daerah. Kenapa yang disebut justru provinsi, bukan fraksi-nya?"
463,2022-06-29 14:37:41+00:00,"@__Bungs @DPR_RI @mohmahfudmd Mau dpr klo perlu kpk gk ada apa2 semuanya saja,makane mau korupsi gk bisa"
464,2022-06-29 14:36:11+00:00,@SyaifulHooda @PSSI @KEMENPORA_RI Oh jadi seperti ini yah opini anggota DPR.. jadi lebih mikir saya..ü§î jangan2ü§îüòÖ
465,2022-06-29 14:35:52+00:00,@Hasbil_Lbs @pertamina @DPR_RI Ruwet ... apa mau cari cuan dari download aplikasinya
466,2022-06-29 14:35:40+00:00,"Yg pemberani itu ibu Iriana istri @jokowi sbg ibu negara, yg tdk pernah terjadi dlm sejarah +62/dunia hanya demi kedamaian ukraina&amp; rusia kampung @RBTHIndonesia sbg negara demokrasi
Cc @Menlu_RI @mohmahfudmd @Kemhan_RI @DPR_RI @puanmaharani_ri @RamliRizal @cakimiNOW @ZUL_Hasan"
467,2022-06-29 14:35:17+00:00,@Akun___Receh @DPR_RI üòÇüòÇüòÇ takut senjata mkn tuan
468,2022-06-29 14:34:42+00:00,"@KaredokLeunca__ @prabowo @fadlizon @ganjarpranowo Selama @fadlizon masih dipelihara sm Pak @prabowo , mk selama itu pula Pak Prabowo gak dpt simpati. 
Fadli Zon kan yg meminta Densus 88 utk dibubarkan? Dan Fadli Zon jg kan yg bilang tdk ada teroris di Indonesia? Dia gak pantas ada di DPR..."
469,2022-06-29 14:34:00+00:00,"Serius deh. Aku pernah cemburu sama Dpr Live, karena ku kira dia cewek. Yaa Allah, maafin ya. Aku gatau, beneran üò≠"
470,2022-06-29 14:33:19+00:00,"Besok, pemerintah dan DPR dijadwalkan tetap mengesahkan tiga RUU daerah otonom baru di Papua. Pemekaran Papua berpotensi memicu konflik. #Polhuk #Kompas57

https://t.co/GhTCXf7qF1"
471,2022-06-29 14:32:45+00:00,"@beautydyah Lucunya lagi gak menghitung kemungkinan adanya tambahan kuota. Itu susahnya kalau yg urus kagak bisa membaca situasi dan kurang mengerti .
Sekarang kalau ada kuota tambahan mau tak mau ajukan lagi ke DPR....ribet kan ? 
Masa dia kalah sama tukang ojek soal ituü§£ü§£üèÉ‚Äç‚ôÇÔ∏èüèÉ‚Äç‚ôÇÔ∏èüèÉ‚Äç‚ôÇÔ∏èüèÉ‚Äç‚ôÇÔ∏èüèÉ‚Äç‚ôÇÔ∏è"
472,2022-06-29 14:32:23+00:00,DPR dan Pemerintah Akan Bahas Revisi UU Pemilu atau Perppu Soal¬†DOB https://t.co/02AB3GOrcO
473,2022-06-29 14:32:21+00:00,"@stbd_id @DPR_RI @Kemenkumham_RI @kodeinisiatif @FaisalBasri @PartaiSocmed @sahabatICW @LBH_Jakarta @LBHMasyarakat @ICJRid @YLBHI @MataNajwa @NajwaShihab tentu sebaiknya kita jangan apatis, kak. Kita sudah aktif aja, masih sering segala macem dilakukan diam-diam. Gimana kalau kita apatis ü´£ü´£

Jangan khawatir kaak, setiap tanda tangan kita itu pasti berguna, kok! Suara kita bisa jadi bukti kalau masyarakat saling dukung."
474,2022-06-29 14:32:12+00:00,"@jimmysinback @bonngbudi Jadi anggota.DPR ngkong
Tdi d tepeone ada yg mirip ngkong lo"
475,2022-06-29 14:31:50+00:00,"Jordi Amat Resmi Gabung JDT, Ketua Komisi X DPR RI Setuju Proses Naturalisasinya Dibatalkan ‚Äì Bola Okezone ‚Äì Google Berita Olahraga ‚Äì https://t.co/wm5qHLplgQ ‚Äì #Arenanews - [""https://t.co/trZRB92ATN""]"
476,2022-06-29 14:31:50+00:00,"Jordi Amat Resmi Gabung JDT, Ketua Komisi X DPR RI Setuju Proses Naturalisasinya Dibatalkan ‚Äì Okezone ‚Äì https://t.co/iqVMmWmW2v ‚Äì #Arenanews - [""https://t.co/ecApq7BzcN""]"
477,2022-06-29 14:31:25+00:00,@sbmptnfess klo bpk ku dpr ak langsung daftar binus tanpa mikir pnjang lgi
478,2022-06-29 14:31:04+00:00,Anggota DPR Dorong Revisi UU Pemilu Pasca-Penetapan 3 RUU Pemekaran Provinsi¬†Papua https://t.co/OR7PVX2Xnc
479,2022-06-29 14:31:03+00:00,"Tak di pungkiri kamu berpaling dari Eropa, tp kamu tetap stay di luar negeri, dan di klub besar, dengan kualitas yang TOP SE ASEAN

Pernah juara AFC CUP
Yang jelas kalo @PSSI dan @DPR_RI membatalkan naturalisasi mu, 

Indonesia Pasti Menyesal !"
480,2022-06-29 14:29:32+00:00,DPR Berwenang Awasi Implementasi UU TPKS https://t.co/elRg7EkGGS
481,2022-06-29 14:29:13+00:00,"Saya sebenarnya maunya batalin aja lah naturalisasi Jordi Amat yg rasanya emang keliatan fishy antara dia dan JDT
Tp krn ada anggota DPR yg menolak naturalisasi Amat, yaudah saya balik arah dukung naturalisasi Amat
Krn kita harus berpikir sebaliknya dr apa yg dipikirkan DPR üòÑü§£"
482,2022-06-29 14:28:36+00:00,"@Hasbil_Lbs @maspiyuaja @pertamina @DPR_RI Otak kadrun memang terbalik. 
Daftar apk di hp atau laptop apa harus sambil beli bensin di SPBU?  
Disitu kan tidak ditulis daftar apk di SPBU?"
483,2022-06-29 14:28:31+00:00,@KhhFess dpr ga lagi live
484,2022-06-29 14:28:12+00:00,@sundingjalila Baguslah telah disetujui usul dari anggota DPR terkait rancangan undang undang pembentukan daerah otonom baru
485,2022-06-29 14:27:41+00:00,"@kadrunmampos Jujur aku jadi ragu dengan FADLI ZONK nya ada apa dengan nasionalismenya dalam mencintai negeri ini koq bisa yaaa begitu muncul di pikiran nya. ü§îbahwa polisi bekerja profesional mereka tahu apa yg mereka lakukan ..waduh wakil ketua Dpr Ri lagi ,,koq bisa yaaaüëçüôã‚Äç‚ôÇÔ∏èüôã‚Äç‚ôÇÔ∏èüôã‚Äç‚ôÇÔ∏èüá≤üá®"
486,2022-06-29 14:26:12+00:00,Kehidupan isinya full diskusi udah kayak anggota dpr ygy
487,2022-06-29 14:25:42+00:00,@ChangeOrg_ID @DPR_RI @Kemenkumham_RI @kodeinisiatif @FaisalBasri @PartaiSocmed @sahabatICW @LBH_Jakarta @LBHMasyarakat @ICJRid @YLBHI @MataNajwa @NajwaShihab Salah ga sih kalo kita milih mending apatis aja??
488,2022-06-29 14:25:31+00:00,"@alenra8 Bener lg gua beli 3 albumnya, kek kosong terus mikir ""nih aturan dpr foto tulus aturan"" https://t.co/UIzbdQmIXB"
489,2022-06-29 14:24:20+00:00,"Menkominfo @PlateJohnny: RUU PDP Penting untuk Segera Disahkan

Saat ini pembahasan RUU PDP sudah bergerak ke arah yang positif baik dari pihak Dewan Perwakilan Rakyat (DPR) maupun dari pihak Pemerintah.
@kemkominfo
https://t.co/k58GFvaPlr"
490,2022-06-29 14:23:41+00:00,HOY POTANGINA NIYO DPR IAN YAWA SANDALI üò≠üò≠
491,2022-06-29 14:22:42+00:00,Rapat Paripurna DPR RI Belum Ambil Keputusan RKUHP https://t.co/zCOhQ8uWjI
492,2022-06-29 14:22:35+00:00,"Mafhumnya...
DPR RI (sekarang) TEMPAT NGUMPUL MAFIA KONSTITUSI https://t.co/3NoIZeID1b"
493,2022-06-29 14:22:05+00:00,@deviirwti30 Add DPR
494,2022-06-29 14:22:02+00:00,@SyaifulHooda @PSSI @KEMENPORA_RI Saya jg meyakini masih banyak anak bangsa yg layak mengurus negara ini sebagai anggota DPR drpd bapak dan teman2 bapak
495,2022-06-29 14:20:37+00:00,"DPR Semprot Pertamina Soal Syarat Pertalite Pakai Aplikasi: Tidak Semua Rakyat Punya Smartphone!
https://t.co/4IH3ZL7Aat"
496,2022-06-29 14:20:06+00:00,Wakil Ketua DPR RI Yanuar Prihatin mendorong dilakukannya revisi UU Nomor 7 Tahun 2017 Tentang Pemilu pasca-pengesahan 3 RUU pemekaran Provinsi Papua. #RUUPemekaranPapua https://t.co/NFfRjCNMVd
497,2022-06-29 14:20:05+00:00,Anggota Komisi VI DPR dukung investasi Telkomsel ke GoTo https://t.co/XJNprgCMsq
498,2022-06-29 14:20:04+00:00,"@GusIwan72 @TarunaAdjie1 @CNNIndonesia Yg bikin rancangannya Kemenkumham, yg mengesahkan DPR..."
499,2022-06-29 14:19:58+00:00,"@idextratime Anggota dpr yang satu ini punya akun twitter apa kaga ya, klo ada seret kesini biar seru ngbrolnya."
